date,open,close,high,low,volume,money
2023-03-01 09:35:00,13.8,13.78,13.86,13.76,5367200.0,74069042.0
2023-03-01 09:40:00,13.78,13.8,13.8,13.74,2327600.0,32039258.0
2023-03-01 09:45:00,13.8,13.91,13.92,13.79,5289300.0,73270162.0
2023-03-01 09:50:00,13.91,13.94,13.96,13.88,5426900.0,75593516.0
2023-03-01 09:55:00,13.94,13.97,13.98,13.92,4551000.0,63504460.0
2023-03-01 10:00:00,13.96,13.98,13.99,13.93,5020500.0,70110864.0
2023-03-01 10:05:00,13.99,14.01,14.04,13.99,6405300.0,89763370.0
2023-03-01 10:10:00,14.0,14.06,14.06,14.0,4258800.0,59770613.0
2023-03-01 10:15:00,14.05,14.1,14.14,14.05,6447700.0,90904339.0
2023-03-01 10:20:00,14.1,14.09,14.11,14.03,3425700.0,48223440.0
2023-03-01 10:25:00,14.1,14.06,14.1,14.04,2245500.0,31585084.0
2023-03-01 10:30:00,14.06,14.03,14.06,14.0,2109100.0,29581836.0
2023-03-01 10:35:00,14.04,14.08,14.09,14.03,2290400.0,32222886.0
2023-03-01 10:40:00,14.08,14.04,14.09,14.03,1418400.0,19954594.0
2023-03-01 10:45:00,14.03,14.08,14.08,14.03,1199500.0,16861695.0
2023-03-01 10:50:00,14.07,14.08,14.09,14.06,1239500.0,17447722.0
2023-03-01 10:55:00,14.08,14.06,14.09,14.05,996900.0,14032938.0
2023-03-01 11:00:00,14.06,14.09,14.09,14.06,1917300.0,26995573.0
2023-03-01 11:05:00,14.09,14.08,14.09,14.06,1057500.0,14887442.0
2023-03-01 11:10:00,14.08,14.08,14.09,14.07,966800.0,13613298.0
2023-03-01 11:15:00,14.09,14.08,14.09,14.07,785500.0,11059237.0
2023-03-01 11:20:00,14.08,14.09,14.09,14.07,674000.0,9489196.0
2023-03-01 11:25:00,14.08,14.08,14.1,14.08,1549600.0,21836849.0
2023-03-01 11:30:00,14.09,14.1,14.12,14.08,2497800.0,35229029.0
2023-03-01 13:05:00,14.1,14.13,14.13,14.1,2694100.0,38032517.0
2023-03-01 13:10:00,14.13,14.09,14.13,14.09,1597900.0,22549420.0
2023-03-01 13:15:00,14.09,14.09,14.11,14.08,1197900.0,16883697.0
2023-03-01 13:20:00,14.1,14.13,14.13,14.09,2116100.0,29882987.0
2023-03-01 13:25:00,14.12,14.11,14.13,14.09,1886200.0,26623757.0
2023-03-01 13:30:00,14.1,14.12,14.13,14.09,2500400.0,35281817.0
2023-03-01 13:35:00,14.12,14.1,14.12,14.08,3058800.0,43128095.0
2023-03-01 13:40:00,14.1,14.13,14.13,14.1,2929900.0,41378919.0
2023-03-01 13:45:00,14.14,14.12,14.14,14.1,2773700.0,39190235.0
2023-03-01 13:50:00,14.12,14.12,14.13,14.11,1811800.0,25591796.0
2023-03-01 13:55:00,14.12,14.12,14.13,14.11,1850900.0,26145233.0
2023-03-01 14:00:00,14.11,14.12,14.13,14.11,983100.0,13877351.0
2023-03-01 14:05:00,14.12,14.13,14.14,14.12,1538200.0,21734478.0
2023-03-01 14:10:00,14.14,14.14,14.15,14.13,1923200.0,27191222.0
2023-03-01 14:15:00,14.15,14.16,14.17,14.13,4038300.0,57140788.0
2023-03-01 14:20:00,14.17,14.17,14.19,14.16,4554400.0,64572956.0
2023-03-01 14:25:00,14.18,14.17,14.19,14.17,1804800.0,25587494.0
2023-03-01 14:30:00,14.17,14.17,14.18,14.17,1283200.0,18192048.0
2023-03-01 14:35:00,14.17,14.16,14.18,14.16,1929200.0,27334206.0
2023-03-01 14:40:00,14.16,14.17,14.18,14.15,2176100.0,30821287.0
2023-03-01 14:45:00,14.16,14.16,14.17,14.16,1719800.0,24360874.0
2023-03-01 14:50:00,14.17,14.14,14.17,14.14,1534400.0,21712892.0
2023-03-01 14:55:00,14.14,14.17,14.17,14.14,2355300.0,33344466.0
2023-03-01 15:00:00,14.16,14.17,14.17,14.15,2619500.0,37105669.0
2023-03-02 09:35:00,14.13,14.09,14.13,14.06,4195800.0,59167366.0
2023-03-02 09:40:00,14.1,14.12,14.14,14.09,3171700.0,44765469.0
2023-03-02 09:45:00,14.11,14.15,14.15,14.1,1768900.0,24990225.0
2023-03-02 09:50:00,14.16,14.2,14.22,14.16,4705900.0,66795594.0
2023-03-02 09:55:00,14.21,14.19,14.25,14.18,3906900.0,55535749.0
2023-03-02 10:00:00,14.18,14.15,14.19,14.14,2518100.0,35686962.0
2023-03-02 10:05:00,14.16,14.17,14.2,14.15,2462800.0,34888588.0
2023-03-02 10:10:00,14.17,14.18,14.2,14.16,1506900.0,21375412.0
2023-03-02 10:15:00,14.17,14.23,14.24,14.17,4369600.0,62065389.0
2023-03-02 10:20:00,14.23,14.29,14.29,14.21,7568700.0,107939006.0
2023-03-02 10:25:00,14.29,14.35,14.38,14.29,8582400.0,123038657.0
2023-03-02 10:30:00,14.35,14.37,14.43,14.35,7076800.0,101871503.0
2023-03-02 10:35:00,14.37,14.36,14.41,14.35,2926400.0,42093513.0
2023-03-02 10:40:00,14.36,14.34,14.38,14.32,1941100.0,27852493.0
2023-03-02 10:45:00,14.35,14.32,14.39,14.32,1880700.0,27021307.0
2023-03-02 10:50:00,14.33,14.33,14.34,14.28,1975600.0,28269744.0
2023-03-02 10:55:00,14.32,14.29,14.32,14.29,1293900.0,18506652.0
2023-03-02 11:00:00,14.29,14.31,14.32,14.29,856700.0,12255561.0
2023-03-02 11:05:00,14.32,14.3,14.32,14.25,2347700.0,33521866.0
2023-03-02 11:10:00,14.3,14.3,14.32,14.28,845800.0,12096328.0
2023-03-02 11:15:00,14.29,14.32,14.33,14.29,1016600.0,14551280.0
2023-03-02 11:20:00,14.32,14.32,14.33,14.3,747400.0,10701168.0
2023-03-02 11:25:00,14.31,14.31,14.32,14.3,851700.0,12187778.0
2023-03-02 11:30:00,14.31,14.3,14.32,14.28,1214100.0,17360359.0
2023-03-02 13:05:00,14.29,14.28,14.31,14.27,1827300.0,26119009.0
2023-03-02 13:10:00,14.28,14.22,14.29,14.22,1521000.0,21684120.0
2023-03-02 13:15:00,14.22,14.22,14.25,14.21,1218000.0,17334215.0
2023-03-02 13:20:00,14.22,14.21,14.22,14.2,1308900.0,18595079.0
2023-03-02 13:25:00,14.21,14.18,14.22,14.18,1367300.0,19416021.0
2023-03-02 13:30:00,14.18,14.2,14.21,14.18,965300.0,13702016.0
2023-03-02 13:35:00,14.21,14.25,14.25,14.2,1187700.0,16898487.0
2023-03-02 13:40:00,14.25,14.23,14.25,14.2,1517400.0,21565413.0
2023-03-02 13:45:00,14.22,14.22,14.24,14.21,877300.0,12479451.0
2023-03-02 13:50:00,14.22,14.2,14.23,14.2,1269800.0,18042532.0
2023-03-02 13:55:00,14.2,14.23,14.23,14.19,1121700.0,15935514.0
2023-03-02 14:00:00,14.24,14.22,14.26,14.2,982400.0,13985112.0
2023-03-02 14:05:00,14.22,14.22,14.24,14.21,685600.0,9750858.0
2023-03-02 14:10:00,14.22,14.25,14.25,14.21,1223500.0,17414217.0
2023-03-02 14:15:00,14.25,14.24,14.26,14.23,1215800.0,17313121.0
2023-03-02 14:20:00,14.23,14.21,14.23,14.2,1111400.0,15803382.0
2023-03-02 14:25:00,14.22,14.21,14.22,14.18,1869200.0,26525926.0
2023-03-02 14:30:00,14.21,14.21,14.21,14.19,885300.0,12571450.0
2023-03-02 14:35:00,14.2,14.19,14.22,14.19,990200.0,14060162.0
2023-03-02 14:40:00,14.2,14.19,14.2,14.17,1056100.0,14983447.0
2023-03-02 14:45:00,14.18,14.22,14.23,14.18,1693700.0,24054989.0
2023-03-02 14:50:00,14.22,14.23,14.23,14.21,1382100.0,19652231.0
2023-03-02 14:55:00,14.23,14.22,14.23,14.2,1818300.0,25854101.0
2023-03-02 15:00:00,14.22,14.24,14.24,14.22,2760100.0,39287158.0
2023-03-03 09:35:00,14.35,14.22,14.37,14.22,5552700.0,79432524.0
2023-03-03 09:40:00,14.22,14.14,14.22,14.14,3980200.0,56423613.0
2023-03-03 09:45:00,14.14,14.24,14.25,14.14,2070300.0,29363838.0
2023-03-03 09:50:00,14.24,14.23,14.25,14.21,1385400.0,19715023.0
2023-03-03 09:55:00,14.24,14.28,14.28,14.22,1501700.0,21394618.0
2023-03-03 10:00:00,14.28,14.28,14.3,14.26,1753600.0,25040593.0
2023-03-03 10:05:00,14.29,14.27,14.29,14.26,1568400.0,22400036.0
2023-03-03 10:10:00,14.27,14.24,14.27,14.22,763600.0,10874224.0
2023-03-03 10:15:00,14.25,14.28,14.29,14.24,712800.0,10170757.0
2023-03-03 10:20:00,14.29,14.26,14.29,14.26,1517000.0,21646402.0
2023-03-03 10:25:00,14.26,14.23,14.27,14.22,1751600.0,24945475.0
2023-03-03 10:30:00,14.23,14.22,14.23,14.2,1007700.0,14322162.0
2023-03-03 10:35:00,14.21,14.22,14.22,14.2,687800.0,9773260.0
2023-03-03 10:40:00,14.2,14.21,14.23,14.2,509800.0,7248289.0
2023-03-03 10:45:00,14.21,14.18,14.22,14.17,1211900.0,17197599.0
2023-03-03 10:50:00,14.18,14.18,14.2,14.17,842800.0,11952276.0
2023-03-03 10:55:00,14.18,14.22,14.23,14.18,640600.0,9097755.0
2023-03-03 11:00:00,14.21,14.21,14.22,14.2,513500.0,7296044.0
2023-03-03 11:05:00,14.21,14.22,14.23,14.2,486500.0,6915727.0
2023-03-03 11:10:00,14.21,14.22,14.23,14.2,308600.0,4385780.0
2023-03-03 11:15:00,14.22,14.22,14.23,14.21,532400.0,7570636.0
2023-03-03 11:20:00,14.22,14.26,14.26,14.22,1130100.0,16104595.0
2023-03-03 11:25:00,14.25,14.23,14.26,14.23,594900.0,8475527.0
2023-03-03 11:30:00,14.24,14.23,14.24,14.23,272400.0,3877255.0
2023-03-03 13:05:00,14.23,14.25,14.26,14.22,949300.0,13525738.0
2023-03-03 13:10:00,14.24,14.25,14.25,14.23,356400.0,5074600.0
2023-03-03 13:15:00,14.25,14.25,14.26,14.24,471800.0,6722203.0
2023-03-03 13:20:00,14.25,14.24,14.25,14.23,585700.0,8340733.0
2023-03-03 13:25:00,14.23,14.23,14.24,14.22,429400.0,6110228.0
2023-03-03 13:30:00,14.23,14.24,14.26,14.22,1452400.0,20695913.0
2023-03-03 13:35:00,14.24,14.22,14.25,14.22,1059700.0,15090442.0
2023-03-03 13:40:00,14.23,14.28,14.28,14.23,1991100.0,28385180.0
2023-03-03 13:45:00,14.27,14.27,14.28,14.26,1222400.0,17445590.0
2023-03-03 13:50:00,14.28,14.33,14.34,14.27,4191200.0,59961992.0
2023-03-03 13:55:00,14.33,14.28,14.34,14.28,2761500.0,39503928.0
2023-03-03 14:00:00,14.28,14.28,14.3,14.27,1084600.0,15490667.0
2023-03-03 14:05:00,14.29,14.31,14.31,14.28,1508300.0,21555784.0
2023-03-03 14:10:00,14.29,14.29,14.31,14.28,1283700.0,18342731.0
2023-03-03 14:15:00,14.28,14.28,14.3,14.28,1031300.0,14732996.0
2023-03-03 14:20:00,14.29,14.29,14.3,14.28,1853400.0,26482019.0
2023-03-03 14:25:00,14.29,14.28,14.3,14.28,761500.0,10879671.0
2023-03-03 14:30:00,14.29,14.29,14.3,14.28,2471200.0,35312729.0
2023-03-03 14:35:00,14.29,14.29,14.3,14.28,2510200.0,35873499.0
2023-03-03 14:40:00,14.29,14.27,14.3,14.27,1734600.0,24773967.0
2023-03-03 14:45:00,14.28,14.29,14.29,14.27,1199200.0,17128575.0
2023-03-03 14:50:00,14.29,14.3,14.3,14.29,1869800.0,26732948.0
2023-03-03 14:55:00,14.3,14.29,14.3,14.28,1947300.0,27833083.0
2023-03-03 15:00:00,14.3,14.29,14.31,14.29,3072900.0,43932897.0
2023-03-06 09:35:00,14.3,14.16,14.3,14.15,5618700.0,79935624.0
2023-03-06 09:40:00,14.16,14.07,14.16,14.04,7518500.0,105889762.0
2023-03-06 09:45:00,14.06,14.05,14.07,14.02,5847600.0,82130565.0
2023-03-06 09:50:00,14.05,14.02,14.05,13.99,6439900.0,90202246.0
2023-03-06 09:55:00,14.01,13.98,14.04,13.97,7154700.0,100163591.0
2023-03-06 10:00:00,13.98,14.0,14.01,13.98,2803000.0,39228218.0
2023-03-06 10:05:00,14.0,13.96,14.0,13.95,5870800.0,82003446.0
2023-03-06 10:10:00,13.95,13.92,13.95,13.89,6316200.0,87867599.0
2023-03-06 10:15:00,13.93,13.95,13.95,13.91,1846600.0,25721989.0
2023-03-06 10:20:00,13.95,13.96,13.98,13.94,2454500.0,34251779.0
2023-03-06 10:25:00,13.96,13.93,13.96,13.92,2437600.0,33971984.0
2023-03-06 10:30:00,13.93,13.92,13.93,13.91,1829900.0,25469210.0
2023-03-06 10:35:00,13.92,13.88,13.92,13.85,5947900.0,82553426.0
2023-03-06 10:40:00,13.89,13.91,13.91,13.87,1923300.0,26699877.0
2023-03-06 10:45:00,13.91,13.89,13.92,13.88,1690200.0,23493616.0
2023-03-06 10:50:00,13.89,13.9,13.91,13.88,2001400.0,27805678.0
2023-03-06 10:55:00,13.91,13.94,13.94,13.91,1148000.0,15988195.0
2023-03-06 11:00:00,13.94,13.9,13.94,13.89,1968800.0,27389841.0
2023-03-06 11:05:00,13.9,13.86,13.9,13.85,4089800.0,56711377.0
2023-03-06 11:10:00,13.86,13.86,13.88,13.85,2557000.0,35441392.0
2023-03-06 11:15:00,13.85,13.83,13.85,13.8,5193800.0,71801876.0
2023-03-06 11:20:00,13.83,13.84,13.85,13.82,2091100.0,28930348.0
2023-03-06 11:25:00,13.84,13.8,13.84,13.8,5603900.0,77373276.0
2023-03-06 11:30:00,13.81,13.82,13.82,13.79,3224000.0,44495209.0
2023-03-06 13:05:00,13.82,13.79,13.84,13.73,9919700.0,136625818.0
2023-03-06 13:10:00,13.78,13.84,13.85,13.78,1492000.0,20607168.0
2023-03-06 13:15:00,13.84,13.85,13.85,13.8,1458800.0,20169233.0
2023-03-06 13:20:00,13.84,13.85,13.88,13.84,1508800.0,20907129.0
2023-03-06 13:25:00,13.85,13.84,13.86,13.83,2007700.0,27797663.0
2023-03-06 13:30:00,13.85,13.82,13.85,13.82,2428200.0,33579431.0
2023-03-06 13:35:00,13.82,13.85,13.86,13.81,983200.0,13598918.0
2023-03-06 13:40:00,13.86,13.85,13.88,13.85,1692100.0,23462880.0
2023-03-06 13:45:00,13.84,13.85,13.87,13.84,1130900.0,15663522.0
2023-03-06 13:50:00,13.85,13.85,13.86,13.83,1155200.0,15994345.0
2023-03-06 13:55:00,13.85,13.84,13.85,13.83,885600.0,12257454.0
2023-03-06 14:00:00,13.84,13.82,13.84,13.81,2154700.0,29781767.0
2023-03-06 14:05:00,13.82,13.85,13.85,13.82,1197400.0,16562941.0
2023-03-06 14:10:00,13.85,13.85,13.86,13.84,1022600.0,14162389.0
2023-03-06 14:15:00,13.84,13.85,13.87,13.84,1378500.0,19094446.0
2023-03-06 14:20:00,13.84,13.81,13.85,13.81,2160100.0,29861867.0
2023-03-06 14:25:00,13.81,13.8,13.82,13.8,2254100.0,31120254.0
2023-03-06 14:30:00,13.81,13.82,13.82,13.79,3237100.0,44680610.0
2023-03-06 14:35:00,13.81,13.8,13.82,13.79,2310000.0,31888559.0
2023-03-06 14:40:00,13.8,13.78,13.8,13.78,2250500.0,31041277.0
2023-03-06 14:45:00,13.79,13.81,13.81,13.78,3084400.0,42544219.0
2023-03-06 14:50:00,13.81,13.83,13.83,13.8,1990500.0,27502456.0
2023-03-06 14:55:00,13.82,13.84,13.84,13.81,1911400.0,26423483.0
2023-03-06 15:00:00,13.83,13.85,13.85,13.82,2391600.0,33106594.0
2023-03-07 09:35:00,13.85,13.81,13.85,13.76,4727000.0,65247894.0
2023-03-07 09:40:00,13.81,13.87,13.87,13.8,3889800.0,53819122.0
2023-03-07 09:45:00,13.87,13.85,13.9,13.83,3315100.0,45960434.0
2023-03-07 09:50:00,13.85,13.85,13.87,13.84,1861400.0,25779035.0
2023-03-07 09:55:00,13.85,13.9,13.9,13.85,2841000.0,39419605.0
2023-03-07 10:00:00,13.89,13.87,13.92,13.87,3803600.0,52845169.0
2023-03-07 10:05:00,13.87,13.96,13.96,13.86,3299300.0,45900838.0
2023-03-07 10:10:00,13.97,14.05,14.06,13.96,9892200.0,138722306.0
2023-03-07 10:15:00,14.05,14.04,14.09,14.04,5726500.0,80561945.0
2023-03-07 10:20:00,14.04,14.09,14.1,14.04,5822300.0,81942920.0
2023-03-07 10:25:00,14.09,14.06,14.09,14.05,3215900.0,45263447.0
2023-03-07 10:30:00,14.05,13.99,14.05,13.98,2750300.0,38540398.0
2023-03-07 10:35:00,14.0,13.99,14.02,13.97,1956200.0,27370024.0
2023-03-07 10:40:00,13.99,13.99,14.03,13.99,1626300.0,22779751.0
2023-03-07 10:45:00,14.0,13.97,14.0,13.97,1552800.0,21709845.0
2023-03-07 10:50:00,13.97,13.99,14.0,13.97,1341800.0,18771389.0
2023-03-07 10:55:00,13.99,13.92,13.99,13.92,1953700.0,27266581.0
2023-03-07 11:00:00,13.93,13.9,13.93,13.88,2255000.0,31357829.0
2023-03-07 11:05:00,13.9,13.88,13.91,13.85,2956900.0,41038682.0
2023-03-07 11:10:00,13.88,13.86,13.91,13.86,1560100.0,21668036.0
2023-03-07 11:15:00,13.87,13.9,13.9,13.87,673800.0,9354752.0
2023-03-07 11:20:00,13.89,13.93,13.93,13.88,809300.0,11254154.0
2023-03-07 11:25:00,13.92,13.94,13.94,13.9,1123400.0,15632143.0
2023-03-07 11:30:00,13.94,13.94,13.95,13.93,836100.0,11652504.0
2023-03-07 13:05:00,13.94,13.92,13.94,13.92,1537100.0,21416108.0
2023-03-07 13:10:00,13.93,13.93,13.95,13.92,1256900.0,17517991.0
2023-03-07 13:15:00,13.93,13.91,13.93,13.9,980700.0,13648201.0
2023-03-07 13:20:00,13.93,13.89,13.93,13.89,674500.0,9377012.0
2023-03-07 13:25:00,13.9,13.9,13.9,13.88,732500.0,10175097.0
2023-03-07 13:30:00,13.89,13.87,13.9,13.86,1132100.0,15703668.0
2023-03-07 13:35:00,13.87,13.85,13.87,13.85,695100.0,9634737.0
2023-03-07 13:40:00,13.86,13.84,13.86,13.84,2043400.0,28296574.0
2023-03-07 13:45:00,13.85,13.83,13.85,13.83,1275700.0,17654890.0
2023-03-07 13:50:00,13.84,13.8,13.84,13.79,3910000.0,54005785.0
2023-03-07 13:55:00,13.8,13.76,13.81,13.75,3465900.0,47755836.0
2023-03-07 14:00:00,13.76,13.77,13.78,13.75,2114300.0,29099709.0
2023-03-07 14:05:00,13.78,13.77,13.79,13.77,1721500.0,23719898.0
2023-03-07 14:10:00,13.78,13.75,13.78,13.74,3889500.0,53511814.0
2023-03-07 14:15:00,13.75,13.75,13.78,13.74,3581400.0,49270956.0
2023-03-07 14:20:00,13.74,13.75,13.77,13.74,1847100.0,25401692.0
2023-03-07 14:25:00,13.75,13.73,13.76,13.72,3216000.0,44184360.0
2023-03-07 14:30:00,13.73,13.71,13.74,13.7,4455700.0,61100425.0
2023-03-07 14:35:00,13.71,13.71,13.72,13.68,4666700.0,63937697.0
2023-03-07 14:40:00,13.7,13.7,13.72,13.69,2137300.0,29296435.0
2023-03-07 14:45:00,13.71,13.67,13.71,13.67,3525100.0,48244501.0
2023-03-07 14:50:00,13.68,13.67,13.68,13.66,3562500.0,48689094.0
2023-03-07 14:55:00,13.7,13.67,13.7,13.66,4129400.0,56454033.0
2023-03-07 15:00:00,13.67,13.69,13.69,13.66,1586400.0,21699421.0
2023-03-08 09:35:00,13.63,13.52,13.63,13.5,10458900.0,141575571.0
2023-03-08 09:40:00,13.52,13.43,13.53,13.41,12778600.0,171919141.0
2023-03-08 09:45:00,13.43,13.5,13.51,13.43,4219000.0,56872219.0
2023-03-08 09:50:00,13.5,13.48,13.51,13.44,4751200.0,64014519.0
2023-03-08 09:55:00,13.47,13.5,13.5,13.47,1596100.0,21520067.0
2023-03-08 10:00:00,13.49,13.46,13.5,13.45,2722600.0,36673667.0
2023-03-08 10:05:00,13.46,13.43,13.46,13.41,5792800.0,77757074.0
2023-03-08 10:10:00,13.43,13.46,13.46,13.41,2703900.0,36311897.0
2023-03-08 10:15:00,13.45,13.47,13.48,13.43,1959800.0,26362887.0
2023-03-08 10:20:00,13.47,13.45,13.48,13.43,2657200.0,35739569.0
2023-03-08 10:25:00,13.44,13.49,13.51,13.44,1884700.0,25403695.0
2023-03-08 10:30:00,13.49,13.53,13.53,13.46,1391800.0,18785228.0
2023-03-08 10:35:00,13.53,13.52,13.53,13.5,1301600.0,17588454.0
2023-03-08 10:40:00,13.52,13.56,13.56,13.5,1660800.0,22473463.0
2023-03-08 10:45:00,13.57,13.55,13.57,13.54,1357700.0,18400482.0
2023-03-08 10:50:00,13.55,13.57,13.57,13.54,1112500.0,15078998.0
2023-03-08 10:55:00,13.57,13.57,13.6,13.57,1440700.0,19570479.0
2023-03-08 11:00:00,13.57,13.55,13.57,13.54,657900.0,8920269.0
2023-03-08 11:05:00,13.54,13.54,13.56,13.53,840900.0,11393872.0
2023-03-08 11:10:00,13.55,13.57,13.59,13.54,1178900.0,15994421.0
2023-03-08 11:15:00,13.56,13.55,13.57,13.53,869300.0,11777339.0
2023-03-08 11:20:00,13.55,13.53,13.57,13.53,741800.0,10051884.0
2023-03-08 11:25:00,13.53,13.54,13.54,13.51,639800.0,8654009.0
2023-03-08 11:30:00,13.54,13.54,13.56,13.53,901400.0,12198440.0
2023-03-08 13:05:00,13.54,13.63,13.63,13.54,2764900.0,37556368.0
2023-03-08 13:10:00,13.63,13.6,13.64,13.58,1364300.0,18573786.0
2023-03-08 13:15:00,13.59,13.57,13.6,13.56,724400.0,9837314.0
2023-03-08 13:20:00,13.56,13.54,13.57,13.53,1151900.0,15604379.0
2023-03-08 13:25:00,13.53,13.55,13.57,13.52,1085300.0,14700143.0
2023-03-08 13:30:00,13.55,13.53,13.56,13.51,2850200.0,38554766.0
2023-03-08 13:35:00,13.54,13.51,13.54,13.5,2339000.0,31599217.0
2023-03-08 13:40:00,13.51,13.5,13.52,13.48,2422000.0,32700029.0
2023-03-08 13:45:00,13.49,13.47,13.51,13.46,2666900.0,35927573.0
2023-03-08 13:50:00,13.46,13.45,13.47,13.45,2954100.0,39742374.0
2023-03-08 13:55:00,13.45,13.48,13.49,13.44,1866300.0,25106798.0
2023-03-08 14:00:00,13.48,13.47,13.48,13.46,925600.0,12464946.0
2023-03-08 14:05:00,13.46,13.47,13.48,13.46,710300.0,9564103.0
2023-03-08 14:10:00,13.47,13.45,13.47,13.45,1953800.0,26296144.0
2023-03-08 14:15:00,13.46,13.47,13.47,13.45,980100.0,13190253.0
2023-03-08 14:20:00,13.47,13.46,13.47,13.45,778300.0,10473275.0
2023-03-08 14:25:00,13.45,13.47,13.47,13.45,865000.0,11639861.0
2023-03-08 14:30:00,13.46,13.47,13.47,13.46,1037900.0,13974666.0
2023-03-08 14:35:00,13.46,13.48,13.49,13.44,6065200.0,81591320.0
2023-03-08 14:40:00,13.49,13.51,13.51,13.48,1910200.0,25781827.0
2023-03-08 14:45:00,13.51,13.51,13.52,13.5,1476500.0,19946950.0
2023-03-08 14:50:00,13.51,13.51,13.52,13.5,1696500.0,22919419.0
2023-03-08 14:55:00,13.51,13.51,13.52,13.5,1867000.0,25222801.0
2023-03-08 15:00:00,13.52,13.53,13.53,13.51,1614100.0,21833024.0
2023-03-09 09:35:00,13.54,13.45,13.56,13.4,11970300.0,161195927.0
2023-03-09 09:40:00,13.44,13.48,13.48,13.44,2818900.0,37939303.0
2023-03-09 09:45:00,13.48,13.5,13.53,13.48,3417700.0,46135544.0
2023-03-09 09:50:00,13.49,13.46,13.5,13.46,2842900.0,38315430.0
2023-03-09 09:55:00,13.47,13.47,13.47,13.45,2658400.0,35769170.0
2023-03-09 10:00:00,13.46,13.41,13.47,13.41,6171200.0,82862090.0
2023-03-09 10:05:00,13.42,13.43,13.45,13.41,2847300.0,38232063.0
2023-03-09 10:10:00,13.42,13.43,13.45,13.41,1657400.0,22253585.0
2023-03-09 10:15:00,13.43,13.43,13.44,13.42,1088800.0,14623836.0
2023-03-09 10:20:00,13.44,13.42,13.44,13.41,2283800.0,30646224.0
2023-03-09 10:25:00,13.42,13.42,13.44,13.42,1304900.0,17518351.0
2023-03-09 10:30:00,13.43,13.4,13.43,13.4,5194600.0,69655443.0
2023-03-09 10:35:00,13.41,13.36,13.41,13.35,7087600.0,94882031.0
2023-03-09 10:40:00,13.36,13.37,13.37,13.33,3331700.0,44476632.0
2023-03-09 10:45:00,13.36,13.38,13.38,13.35,1351700.0,18065248.0
2023-03-09 10:50:00,13.38,13.34,13.38,13.34,2240200.0,29919341.0
2023-03-09 10:55:00,13.34,13.27,13.35,13.27,7695300.0,102436319.0
2023-03-09 11:00:00,13.27,13.23,13.27,13.22,10688200.0,141594602.0
2023-03-09 11:05:00,13.23,13.17,13.24,13.17,10198200.0,134703952.0
2023-03-09 11:10:00,13.18,13.2,13.2,13.16,7343900.0,96751710.0
2023-03-09 11:15:00,13.19,13.18,13.2,13.16,5989300.0,78902585.0
2023-03-09 11:20:00,13.18,13.14,13.18,13.14,7131900.0,93851154.0
2023-03-09 11:25:00,13.14,13.25,13.25,13.14,5089800.0,67109161.0
2023-03-09 11:30:00,13.24,13.23,13.25,13.22,1313100.0,17378159.0
2023-03-09 13:05:00,13.25,13.2,13.26,13.19,4059700.0,53670057.0
2023-03-09 13:10:00,13.19,13.24,13.25,13.19,1556400.0,20588632.0
2023-03-09 13:15:00,13.24,13.23,13.25,13.22,1186700.0,15702741.0
2023-03-09 13:20:00,13.24,13.23,13.25,13.2,3043400.0,40247767.0
2023-03-09 13:25:00,13.24,13.18,13.24,13.17,3394100.0,44803978.0
2023-03-09 13:30:00,13.17,13.18,13.2,13.17,2097700.0,27650951.0
2023-03-09 13:35:00,13.19,13.17,13.19,13.16,2687700.0,35398192.0
2023-03-09 13:40:00,13.17,13.21,13.22,13.17,2997700.0,39582796.0
2023-03-09 13:45:00,13.21,13.18,13.21,13.17,3183400.0,41976494.0
2023-03-09 13:50:00,13.19,13.21,13.22,13.18,2471700.0,32643349.0
2023-03-09 13:55:00,13.22,13.22,13.26,13.21,2710300.0,35883940.0
2023-03-09 14:00:00,13.22,13.21,13.23,13.2,1933900.0,25561597.0
2023-03-09 14:05:00,13.21,13.19,13.22,13.19,2265800.0,29908868.0
2023-03-09 14:10:00,13.19,13.19,13.2,13.18,1543100.0,20352070.0
2023-03-09 14:15:00,13.19,13.2,13.21,13.19,2229300.0,29427282.0
2023-03-09 14:20:00,13.2,13.21,13.22,13.17,3677800.0,48504872.0
2023-03-09 14:25:00,13.21,13.19,13.21,13.18,2053000.0,27096256.0
2023-03-09 14:30:00,13.19,13.19,13.2,13.18,1847600.0,24371347.0
2023-03-09 14:35:00,13.2,13.2,13.2,13.18,1630200.0,21505294.0
2023-03-09 14:40:00,13.19,13.17,13.2,13.17,2900400.0,38229261.0
2023-03-09 14:45:00,13.17,13.19,13.19,13.17,2111600.0,27831015.0
2023-03-09 14:50:00,13.19,13.18,13.2,13.18,2371100.0,31262493.0
2023-03-09 14:55:00,13.18,13.2,13.21,13.18,2693500.0,35542010.0
2023-03-09 15:00:00,13.2,13.2,13.21,13.19,3243300.0,42806720.0
2023-03-10 09:35:00,13.0,13.13,13.13,13.0,12166300.0,158668247.0
2023-03-10 09:40:00,13.12,13.2,13.2,13.11,5388000.0,70953630.0
2023-03-10 09:45:00,13.2,13.22,13.23,13.19,4596000.0,60727167.0
2023-03-10 09:50:00,13.21,13.18,13.22,13.15,3574500.0,47091960.0
2023-03-10 09:55:00,13.18,13.19,13.19,13.16,1476800.0,19457648.0
2023-03-10 10:00:00,13.2,13.18,13.23,13.18,2690000.0,35534377.0
2023-03-10 10:05:00,13.19,13.21,13.21,13.17,1341700.0,17690077.0
2023-03-10 10:10:00,13.21,13.16,13.21,13.15,1891500.0,24928699.0
2023-03-10 10:15:00,13.16,13.18,13.19,13.15,1301000.0,17129599.0
2023-03-10 10:20:00,13.18,13.19,13.2,13.16,1554100.0,20483962.0
2023-03-10 10:25:00,13.2,13.23,13.25,13.19,3239400.0,42823678.0
2023-03-10 10:30:00,13.24,13.22,13.26,13.22,2819800.0,37330066.0
2023-03-10 10:35:00,13.23,13.23,13.24,13.21,1529700.0,20234357.0
2023-03-10 10:40:00,13.24,13.26,13.27,13.23,2332400.0,30913054.0
2023-03-10 10:45:00,13.26,13.26,13.26,13.23,1109600.0,14701299.0
2023-03-10 10:50:00,13.26,13.26,13.26,13.24,1061000.0,14063698.0
2023-03-10 10:55:00,13.26,13.22,13.26,13.21,1598800.0,21157150.0
2023-03-10 11:00:00,13.22,13.22,13.22,13.19,969400.0,12802642.0
2023-03-10 11:05:00,13.21,13.19,13.21,13.18,1000100.0,13198221.0
2023-03-10 11:10:00,13.2,13.2,13.21,13.18,693300.0,9146281.0
2023-03-10 11:15:00,13.2,13.19,13.21,13.19,679400.0,8969102.0
2023-03-10 11:20:00,13.2,13.2,13.2,13.18,859700.0,11339387.0
2023-03-10 11:25:00,13.2,13.17,13.2,13.17,1623500.0,21398167.0
2023-03-10 11:30:00,13.17,13.16,13.18,13.16,896100.0,11798332.0
2023-03-10 13:05:00,13.18,13.19,13.2,13.16,1656000.0,21816682.0
2023-03-10 13:10:00,13.19,13.18,13.21,13.17,1633700.0,21550596.0
2023-03-10 13:15:00,13.18,13.16,13.19,13.16,683800.0,9006037.0
2023-03-10 13:20:00,13.16,13.17,13.18,13.16,772700.0,10175887.0
2023-03-10 13:25:00,13.17,13.18,13.2,13.17,1135700.0,14975754.0
2023-03-10 13:30:00,13.19,13.15,13.19,13.15,1682500.0,22140290.0
2023-03-10 13:35:00,13.16,13.16,13.16,13.15,593400.0,7804419.0
2023-03-10 13:40:00,13.16,13.2,13.2,13.15,1164600.0,15349692.0
2023-03-10 13:45:00,13.2,13.22,13.22,13.19,774500.0,10228577.0
2023-03-10 13:50:00,13.22,13.19,13.23,13.19,1463900.0,19342338.0
2023-03-10 13:55:00,13.2,13.2,13.21,13.2,809600.0,10689393.0
2023-03-10 14:00:00,13.2,13.19,13.21,13.19,816600.0,10777741.0
2023-03-10 14:05:00,13.2,13.2,13.21,13.19,611200.0,8066327.0
2023-03-10 14:10:00,13.2,13.2,13.21,13.19,498900.0,6585926.0
2023-03-10 14:15:00,13.2,13.22,13.22,13.2,656900.0,8678332.0
2023-03-10 14:20:00,13.22,13.2,13.22,13.18,1170000.0,15441039.0
2023-03-10 14:25:00,13.19,13.18,13.2,13.18,656900.0,8664821.0
2023-03-10 14:30:00,13.19,13.18,13.2,13.17,1127600.0,14866737.0
2023-03-10 14:35:00,13.19,13.18,13.19,13.17,1164600.0,15355421.0
2023-03-10 14:40:00,13.18,13.15,13.18,13.15,1529200.0,20134941.0
2023-03-10 14:45:00,13.16,13.14,13.16,13.14,1842200.0,24221511.0
2023-03-10 14:50:00,13.13,13.13,13.15,13.12,2814000.0,36950823.0
2023-03-10 14:55:00,13.14,13.14,13.15,13.12,2334900.0,30668257.0
2023-03-10 15:00:00,13.14,13.14,13.15,13.14,1714300.0,22526019.0
2023-03-13 09:35:00,13.12,13.24,13.28,13.11,7996400.0,105489516.0
2023-03-13 09:40:00,13.24,13.23,13.25,13.15,4122000.0,54373529.0
2023-03-13 09:45:00,13.23,13.25,13.29,13.23,4686100.0,62162084.0
2023-03-13 09:50:00,13.25,13.17,13.27,13.17,3737400.0,49353935.0
2023-03-13 09:55:00,13.17,13.07,13.18,13.06,4818800.0,63191316.0
2023-03-13 10:00:00,13.07,13.08,13.09,13.06,2829700.0,36978628.0
2023-03-13 10:05:00,13.09,13.12,13.12,13.06,1723700.0,22550281.0
2023-03-13 10:10:00,13.12,13.08,13.12,13.06,1629600.0,21317782.0
2023-03-13 10:15:00,13.08,13.07,13.09,13.05,2133400.0,27866985.0
2023-03-13 10:20:00,13.08,13.09,13.1,13.06,1264700.0,16538651.0
2023-03-13 10:25:00,13.1,13.13,13.13,13.07,1522600.0,19935602.0
2023-03-13 10:30:00,13.13,13.12,13.13,13.09,1330800.0,17445706.0
2023-03-13 10:35:00,13.12,13.07,13.12,13.07,901000.0,11797858.0
2023-03-13 10:40:00,13.08,13.07,13.08,13.05,2000400.0,26131541.0
2023-03-13 10:45:00,13.08,13.1,13.1,13.08,836400.0,10943839.0
2023-03-13 10:50:00,13.09,13.1,13.11,13.08,995000.0,13028586.0
2023-03-13 10:55:00,13.1,13.13,13.14,13.09,1296500.0,16999526.0
2023-03-13 11:00:00,13.13,13.1,13.14,13.09,1492400.0,19590361.0
2023-03-13 11:05:00,13.1,13.08,13.11,13.08,1357500.0,17771660.0
2023-03-13 11:10:00,13.07,13.08,13.1,13.07,609000.0,7966770.0
2023-03-13 11:15:00,13.08,13.11,13.11,13.08,383500.0,5020510.0
2023-03-13 11:20:00,13.11,13.09,13.11,13.08,688500.0,9014348.0
2023-03-13 11:25:00,13.09,13.12,13.12,13.08,501400.0,6564458.0
2023-03-13 11:30:00,13.11,13.12,13.13,13.1,503800.0,6608108.0
2023-03-13 13:05:00,13.12,13.08,13.12,13.08,1797200.0,23545690.0
2023-03-13 13:10:00,13.09,13.12,13.12,13.08,702200.0,9196968.0
2023-03-13 13:15:00,13.12,13.09,13.12,13.09,1211600.0,15872538.0
2023-03-13 13:20:00,13.09,13.05,13.1,13.05,3225300.0,42168312.0
2023-03-13 13:25:00,13.05,13.06,13.07,13.05,972300.0,12697651.0
2023-03-13 13:30:00,13.06,13.04,13.07,13.03,2663100.0,34745469.0
2023-03-13 13:35:00,13.05,13.04,13.05,13.01,3487300.0,45401017.0
2023-03-13 13:40:00,13.04,13.02,13.04,13.02,849300.0,11068376.0
2023-03-13 13:45:00,13.03,13.03,13.04,13.02,887700.0,11564384.0
2023-03-13 13:50:00,13.03,13.02,13.04,13.02,899200.0,11714804.0
2023-03-13 13:55:00,13.02,13.01,13.03,13.01,2572900.0,33502956.0
2023-03-13 14:00:00,13.02,13.03,13.03,13.01,1687800.0,21973547.0
2023-03-13 14:05:00,13.02,13.04,13.05,13.02,1210300.0,15771123.0
2023-03-13 14:10:00,13.04,13.02,13.04,13.02,976000.0,12716496.0
2023-03-13 14:15:00,13.03,13.05,13.06,13.02,1212400.0,15804932.0
2023-03-13 14:20:00,13.06,13.06,13.06,13.04,1295800.0,16908198.0
2023-03-13 14:25:00,13.05,13.05,13.07,13.04,2174500.0,28386347.0
2023-03-13 14:30:00,13.05,13.04,13.06,13.04,1515600.0,19773509.0
2023-03-13 14:35:00,13.05,13.04,13.05,13.03,2116800.0,27590101.0
2023-03-13 14:40:00,13.03,13.02,13.04,13.01,4545000.0,59167086.0
2023-03-13 14:45:00,13.02,13.0,13.02,13.0,4764300.0,61973622.0
2023-03-13 14:50:00,13.0,13.01,13.02,13.0,4081400.0,53094486.0
2023-03-13 14:55:00,13.01,13.02,13.02,13.0,3337500.0,43423979.0
2023-03-13 15:00:00,13.02,13.05,13.05,13.01,2517300.0,32786908.0
2023-03-14 09:35:00,12.99,12.84,12.99,12.77,11692300.0,150184130.0
2023-03-14 09:40:00,12.84,12.88,12.89,12.81,4243700.0,54483413.0
2023-03-14 09:45:00,12.89,12.94,12.95,12.87,2910700.0,37559847.0
2023-03-14 09:50:00,12.94,12.9,12.94,12.88,2490500.0,32127216.0
2023-03-14 09:55:00,12.91,12.87,12.91,12.86,2453000.0,31582891.0
2023-03-14 10:00:00,12.87,12.83,12.87,12.81,3197100.0,41029348.0
2023-03-14 10:05:00,12.83,12.84,12.85,12.82,1785400.0,22924581.0
2023-03-14 10:10:00,12.85,12.86,12.87,12.82,1920800.0,24651946.0
2023-03-14 10:15:00,12.87,12.95,12.95,12.87,2621700.0,33861886.0
2023-03-14 10:20:00,12.95,12.95,12.96,12.93,2901500.0,37581370.0
2023-03-14 10:25:00,12.96,12.93,12.97,12.91,1495900.0,19354598.0
2023-03-14 10:30:00,12.93,12.92,12.94,12.91,1005400.0,12996826.0
2023-03-14 10:35:00,12.91,12.87,12.93,12.86,1918100.0,24715252.0
2023-03-14 10:40:00,12.87,12.86,12.87,12.85,1017400.0,13085005.0
2023-03-14 10:45:00,12.85,12.83,12.86,12.83,1197000.0,15377553.0
2023-03-14 10:50:00,12.83,12.83,12.84,12.81,3914000.0,50173683.0
2023-03-14 10:55:00,12.84,12.81,12.85,12.8,2855800.0,36601486.0
2023-03-14 11:00:00,12.8,12.79,12.81,12.76,4343700.0,55545080.0
2023-03-14 11:05:00,12.79,12.77,12.79,12.75,3562700.0,45493564.0
2023-03-14 11:10:00,12.76,12.74,12.77,12.74,3653900.0,46588495.0
2023-03-14 11:15:00,12.75,12.78,12.78,12.74,2800500.0,35715511.0
2023-03-14 11:20:00,12.77,12.75,12.79,12.75,2407800.0,30731260.0
2023-03-14 11:25:00,12.76,12.78,12.8,12.75,2657400.0,33938167.0
2023-03-14 11:30:00,12.78,12.78,12.79,12.77,1578600.0,20169785.0
2023-03-14 13:05:00,12.78,12.75,12.79,12.75,3312500.0,42296298.0
2023-03-14 13:10:00,12.75,12.77,12.77,12.74,1388000.0,17702779.0
2023-03-14 13:15:00,12.77,12.82,12.82,12.76,1614700.0,20655568.0
2023-03-14 13:20:00,12.81,12.8,12.82,12.8,972200.0,12453163.0
2023-03-14 13:25:00,12.81,12.79,12.85,12.79,1725200.0,22114204.0
2023-03-14 13:30:00,12.8,12.78,12.8,12.77,1795800.0,22958337.0
2023-03-14 13:35:00,12.79,12.78,12.79,12.76,1850600.0,23643749.0
2023-03-14 13:40:00,12.77,12.78,12.8,12.77,2018400.0,25801010.0
2023-03-14 13:45:00,12.78,12.76,12.78,12.75,2393700.0,30565326.0
2023-03-14 13:50:00,12.76,12.76,12.78,12.75,2538500.0,32388778.0
2023-03-14 13:55:00,12.77,12.82,12.83,12.76,1495100.0,19111585.0
2023-03-14 14:00:00,12.82,12.82,12.83,12.81,780000.0,10001755.0
2023-03-14 14:05:00,12.82,12.84,12.84,12.81,1162100.0,14911100.0
2023-03-14 14:10:00,12.84,12.85,12.86,12.84,1956600.0,25136278.0
2023-03-14 14:15:00,12.85,12.83,12.85,12.82,1055800.0,13554858.0
2023-03-14 14:20:00,12.83,12.82,12.83,12.81,966400.0,12390901.0
2023-03-14 14:25:00,12.81,12.82,12.83,12.8,1129900.0,14477160.0
2023-03-14 14:30:00,12.83,12.85,12.86,12.81,1408400.0,18088088.0
2023-03-14 14:35:00,12.85,12.88,12.88,12.83,2699400.0,34687919.0
2023-03-14 14:40:00,12.87,12.87,12.88,12.85,2958000.0,38067011.0
2023-03-14 14:45:00,12.87,12.88,12.89,12.86,2887100.0,37181520.0
2023-03-14 14:50:00,12.89,12.87,12.9,12.86,2264500.0,29180839.0
2023-03-14 14:55:00,12.87,12.85,12.87,12.85,1872600.0,24075568.0
2023-03-14 15:00:00,12.86,12.87,12.87,12.85,2037200.0,26207512.0
2023-03-15 09:35:00,13.05,12.96,13.07,12.95,10208000.0,132927679.0
2023-03-15 09:40:00,12.98,12.98,13.02,12.96,4187000.0,54400905.0
2023-03-15 09:45:00,12.98,13.03,13.04,12.98,2938000.0,38220436.0
2023-03-15 09:50:00,13.03,13.07,13.08,13.02,4233300.0,55244135.0
2023-03-15 09:55:00,13.06,13.13,13.14,13.05,6529400.0,85481001.0
2023-03-15 10:00:00,13.13,13.13,13.14,13.09,4371400.0,57353309.0
2023-03-15 10:05:00,13.12,13.1,13.15,13.1,4429200.0,58166900.0
2023-03-15 10:10:00,13.1,13.17,13.17,13.1,3728100.0,48952852.0
2023-03-15 10:15:00,13.17,13.16,13.18,13.14,2640800.0,34753881.0
2023-03-15 10:20:00,13.15,13.14,13.17,13.13,2112300.0,27777213.0
2023-03-15 10:25:00,13.14,13.11,13.14,13.1,1317500.0,17290346.0
2023-03-15 10:30:00,13.11,13.13,13.13,13.1,836300.0,10967446.0
2023-03-15 10:35:00,13.12,13.12,13.14,13.12,1041900.0,13681968.0
2023-03-15 10:40:00,13.12,13.14,13.15,13.12,948900.0,12460460.0
2023-03-15 10:45:00,13.14,13.13,13.15,13.12,1116600.0,14661515.0
2023-03-15 10:50:00,13.13,13.13,13.14,13.12,593200.0,7786852.0
2023-03-15 10:55:00,13.12,13.12,13.13,13.11,606000.0,7951954.0
2023-03-15 11:00:00,13.11,13.09,13.12,13.08,1024900.0,13426733.0
2023-03-15 11:05:00,13.08,13.06,13.1,13.06,1457200.0,19051345.0
2023-03-15 11:10:00,13.07,13.06,13.07,13.05,1060000.0,13844068.0
2023-03-15 11:15:00,13.05,13.03,13.07,13.03,2325000.0,30332042.0
2023-03-15 11:20:00,13.03,13.04,13.04,13.01,1869300.0,24341938.0
2023-03-15 11:25:00,13.03,13.02,13.04,13.01,1574400.0,20497684.0
2023-03-15 11:30:00,13.02,13.01,13.02,13.0,2175800.0,28303871.0
2023-03-15 13:05:00,13.01,13.0,13.01,12.99,1894600.0,24635007.0
2023-03-15 13:10:00,13.0,13.04,13.04,12.99,4274500.0,55623576.0
2023-03-15 13:15:00,13.04,13.0,13.04,12.99,2817200.0,36650589.0
2023-03-15 13:20:00,13.01,13.02,13.03,13.0,697300.0,9078794.0
2023-03-15 13:25:00,13.02,13.04,13.05,13.01,857000.0,11167316.0
2023-03-15 13:30:00,13.03,13.02,13.04,13.01,1422700.0,18533552.0
2023-03-15 13:35:00,13.02,13.0,13.02,13.0,903000.0,11747394.0
2023-03-15 13:40:00,13.0,13.0,13.01,13.0,861700.0,11204350.0
2023-03-15 13:45:00,13.0,13.0,13.01,12.98,1628600.0,21160525.0
2023-03-15 13:50:00,13.0,12.98,13.0,12.98,1252000.0,16267172.0
2023-03-15 13:55:00,12.98,13.0,13.0,12.98,986600.0,12816764.0
2023-03-15 14:00:00,12.99,13.0,13.0,12.99,908900.0,11809626.0
2023-03-15 14:05:00,12.99,12.99,13.0,12.98,1311400.0,17035027.0
2023-03-15 14:10:00,12.98,12.99,13.0,12.98,962400.0,12499764.0
2023-03-15 14:15:00,13.0,13.02,13.03,12.99,1107500.0,14405489.0
2023-03-15 14:20:00,13.03,13.03,13.04,13.02,915000.0,11925241.0
2023-03-15 14:25:00,13.04,13.03,13.04,13.03,1042200.0,13581796.0
2023-03-15 14:30:00,13.03,13.02,13.04,13.02,1199700.0,15632055.0
2023-03-15 14:35:00,13.02,13.01,13.03,13.01,1515700.0,19728428.0
2023-03-15 14:40:00,13.02,13.01,13.02,13.0,1146400.0,14914328.0
2023-03-15 14:45:00,13.01,13.02,13.02,13.0,1268600.0,16505806.0
2023-03-15 14:50:00,13.01,13.03,13.03,13.01,1307800.0,17022482.0
2023-03-15 14:55:00,13.03,13.01,13.03,13.01,1777200.0,23140901.0
2023-03-15 15:00:00,13.01,13.05,13.05,13.01,2554000.0,33299710.0
2023-03-16 09:35:00,12.89,12.84,12.9,12.82,7604200.0,97828448.0
2023-03-16 09:40:00,12.86,12.91,12.91,12.83,3420100.0,44000436.0
2023-03-16 09:45:00,12.91,12.93,12.94,12.91,2814300.0,36353497.0
2023-03-16 09:50:00,12.93,12.96,12.96,12.93,2143700.0,27746721.0
2023-03-16 09:55:00,12.95,12.91,12.99,12.91,3401400.0,44056538.0
2023-03-16 10:00:00,12.9,12.91,12.93,12.9,1618600.0,20910734.0
2023-03-16 10:05:00,12.92,12.89,12.93,12.88,3289200.0,42434934.0
2023-03-16 10:10:00,12.87,12.87,12.88,12.86,1740000.0,22395435.0
2023-03-16 10:15:00,12.87,12.88,12.88,12.86,2327300.0,29942741.0
2023-03-16 10:20:00,12.87,12.88,12.89,12.87,1981200.0,25521739.0
2023-03-16 10:25:00,12.89,12.89,12.91,12.88,1508400.0,19456038.0
2023-03-16 10:30:00,12.89,12.91,12.91,12.89,815400.0,10517996.0
2023-03-16 10:35:00,12.91,12.87,12.91,12.86,2524400.0,32514618.0
2023-03-16 10:40:00,12.88,12.93,12.93,12.88,1621400.0,20922631.0
2023-03-16 10:45:00,12.94,12.93,12.95,12.9,1169600.0,15120640.0
2023-03-16 10:50:00,12.94,12.91,12.94,12.91,769100.0,9942208.0
2023-03-16 10:55:00,12.91,12.93,12.94,12.9,1029600.0,13298530.0
2023-03-16 11:00:00,12.94,12.91,12.94,12.91,592400.0,7653708.0
2023-03-16 11:05:00,12.92,12.91,12.93,12.91,1644900.0,21241220.0
2023-03-16 11:10:00,12.92,12.92,12.93,12.91,595500.0,7692896.0
2023-03-16 11:15:00,12.91,12.91,12.91,12.9,605600.0,7816209.0
2023-03-16 11:20:00,12.91,12.91,12.94,12.91,781500.0,10096712.0
2023-03-16 11:25:00,12.91,12.94,12.95,12.91,852100.0,11019145.0
2023-03-16 11:30:00,12.93,12.93,12.94,12.91,576000.0,7447376.0
2023-03-16 13:05:00,12.93,12.95,12.96,12.93,1418500.0,18358926.0
2023-03-16 13:10:00,12.95,12.94,12.96,12.93,587300.0,7602401.0
2023-03-16 13:15:00,12.94,12.97,12.97,12.94,1039800.0,13471099.0
2023-03-16 13:20:00,12.97,12.95,12.97,12.94,813900.0,10542787.0
2023-03-16 13:25:00,12.94,12.93,12.95,12.93,836800.0,10830558.0
2023-03-16 13:30:00,12.93,12.92,12.94,12.92,1243800.0,16080637.0
2023-03-16 13:35:00,12.92,12.92,12.93,12.91,1324500.0,17113290.0
2023-03-16 13:40:00,12.91,12.97,12.97,12.91,1216300.0,15731314.0
2023-03-16 13:45:00,12.97,12.99,12.99,12.96,1842800.0,23901045.0
2023-03-16 13:50:00,12.99,13.02,13.03,12.97,2099300.0,27286172.0
2023-03-16 13:55:00,13.02,12.97,13.03,12.97,1905800.0,24760933.0
2023-03-16 14:00:00,12.98,12.94,12.98,12.93,1569800.0,20338866.0
2023-03-16 14:05:00,12.93,12.91,12.95,12.91,1936100.0,25044952.0
2023-03-16 14:10:00,12.91,12.92,12.92,12.89,2369600.0,30570578.0
2023-03-16 14:15:00,12.91,12.89,12.92,12.88,1560600.0,20123148.0
2023-03-16 14:20:00,12.88,12.86,12.89,12.86,2873400.0,36991877.0
2023-03-16 14:25:00,12.87,12.84,12.87,12.84,2350600.0,30210611.0
2023-03-16 14:30:00,12.85,12.87,12.87,12.84,1746300.0,22439688.0
2023-03-16 14:35:00,12.87,12.88,12.88,12.85,1571500.0,20211010.0
2023-03-16 14:40:00,12.88,12.86,12.89,12.85,1657800.0,21330542.0
2023-03-16 14:45:00,12.85,12.86,12.86,12.85,1379300.0,17727702.0
2023-03-16 14:50:00,12.85,12.81,12.86,12.8,6635600.0,85066618.0
2023-03-16 14:55:00,12.81,12.81,12.82,12.8,3822100.0,48963961.0
2023-03-16 15:00:00,12.81,12.82,12.83,12.8,2451900.0,31424569.0
2023-03-17 09:35:00,12.99,12.92,13.03,12.92,10025800.0,130119051.0
2023-03-17 09:40:00,12.93,12.87,12.94,12.87,4231200.0,54652115.0
2023-03-17 09:45:00,12.88,12.86,12.9,12.85,3607000.0,46435565.0
2023-03-17 09:50:00,12.87,12.88,12.88,12.85,2401800.0,30909017.0
2023-03-17 09:55:00,12.87,12.92,12.93,12.85,3240200.0,41735414.0
2023-03-17 10:00:00,12.92,12.88,12.92,12.87,1832000.0,23621633.0
2023-03-17 10:05:00,12.88,12.95,12.95,12.88,3261900.0,42128247.0
2023-03-17 10:10:00,12.94,12.91,12.95,12.9,2230900.0,28820562.0
2023-03-17 10:15:00,12.91,12.94,12.96,12.9,2767500.0,35782576.0
2023-03-17 10:20:00,12.93,12.92,12.94,12.9,1580000.0,20403050.0
2023-03-17 10:25:00,12.91,12.92,12.92,12.91,1785700.0,23064031.0
2023-03-17 10:30:00,12.91,12.82,12.91,12.81,6150600.0,78993569.0
2023-03-17 10:35:00,12.82,12.75,12.82,12.73,7804700.0,99615302.0
2023-03-17 10:40:00,12.75,12.8,12.8,12.74,2098800.0,26801421.0
2023-03-17 10:45:00,12.8,12.82,12.82,12.79,1798900.0,23021328.0
2023-03-17 10:50:00,12.82,12.8,12.83,12.8,1423500.0,18233411.0
2023-03-17 10:55:00,12.8,12.85,12.87,12.8,1459100.0,18731477.0
2023-03-17 11:00:00,12.84,12.85,12.85,12.83,1213400.0,15579776.0
2023-03-17 11:05:00,12.84,12.92,12.93,12.84,2897100.0,37349224.0
2023-03-17 11:10:00,12.92,13.02,13.02,12.92,6581500.0,85360683.0
2023-03-17 11:15:00,13.0,13.0,13.03,12.96,3553900.0,46179490.0
2023-03-17 11:20:00,12.99,12.99,13.0,12.97,2397400.0,31139581.0
2023-03-17 11:25:00,12.98,13.01,13.02,12.98,3129800.0,40694399.0
2023-03-17 11:30:00,13.0,13.0,13.02,12.99,1917300.0,24935230.0
2023-03-17 13:05:00,13.0,12.96,13.03,12.95,6755400.0,87861840.0
2023-03-17 13:10:00,12.94,12.92,12.95,12.92,1382300.0,17877290.0
2023-03-17 13:15:00,12.92,12.91,12.96,12.91,3105800.0,40139567.0
2023-03-17 13:20:00,12.91,12.93,12.93,12.91,1073400.0,13869385.0
2023-03-17 13:25:00,12.93,12.93,12.95,12.91,2641100.0,34213177.0
2023-03-17 13:30:00,12.92,12.91,12.93,12.9,1457800.0,18821290.0
2023-03-17 13:35:00,12.91,12.92,12.92,12.9,1321600.0,17061304.0
2023-03-17 13:40:00,12.9,12.9,12.91,12.89,1282900.0,16549380.0
2023-03-17 13:45:00,12.89,12.88,12.9,12.87,1253800.0,16152023.0
2023-03-17 13:50:00,12.89,12.91,12.91,12.88,1174800.0,15157771.0
2023-03-17 13:55:00,12.9,12.9,12.91,12.9,847600.0,10939224.0
2023-03-17 14:00:00,12.91,12.9,12.91,12.9,860300.0,11101860.0
2023-03-17 14:05:00,12.9,12.83,12.9,12.82,4537600.0,58374636.0
2023-03-17 14:10:00,12.83,12.81,12.84,12.81,3585800.0,45960082.0
2023-03-17 14:15:00,12.81,12.77,12.81,12.77,4603800.0,58892885.0
2023-03-17 14:20:00,12.77,12.72,12.77,12.72,7189700.0,91572870.0
2023-03-17 14:25:00,12.72,12.69,12.72,12.66,8476400.0,107583994.0
2023-03-17 14:30:00,12.7,12.69,12.71,12.68,3738100.0,47457873.0
2023-03-17 14:35:00,12.69,12.67,12.69,12.66,6439400.0,81587447.0
2023-03-17 14:40:00,12.69,12.7,12.7,12.68,1833200.0,23262746.0
2023-03-17 14:45:00,12.7,12.72,12.73,12.69,2189000.0,27822386.0
2023-03-17 14:50:00,12.72,12.72,12.74,12.72,2289700.0,29149988.0
2023-03-17 14:55:00,12.72,12.73,12.73,12.71,2369500.0,30144969.0
2023-03-17 15:00:00,12.73,12.75,12.75,12.72,5882500.0,74972269.0
2023-03-20 09:35:00,12.76,12.79,12.84,12.71,9274600.0,118563989.0
2023-03-20 09:40:00,12.79,12.7,12.84,12.68,6653500.0,84855379.0
2023-03-20 09:45:00,12.69,12.75,12.76,12.69,5029600.0,63920925.0
2023-03-20 09:50:00,12.75,12.78,12.79,12.75,2582600.0,32994783.0
2023-03-20 09:55:00,12.78,12.78,12.82,12.75,3203900.0,40944599.0
2023-03-20 10:00:00,12.77,12.79,12.8,12.76,2048200.0,26163685.0
2023-03-20 10:05:00,12.79,12.77,12.82,12.77,2988700.0,38240853.0
2023-03-20 10:10:00,12.77,12.73,12.77,12.72,3327200.0,42405302.0
2023-03-20 10:15:00,12.72,12.73,12.74,12.7,4001700.0,50900652.0
2023-03-20 10:20:00,12.72,12.72,12.74,12.71,2735200.0,34788878.0
2023-03-20 10:25:00,12.71,12.68,12.71,12.66,4875700.0,61871228.0
2023-03-20 10:30:00,12.67,12.68,12.68,12.66,2477100.0,31388339.0
2023-03-20 10:35:00,12.67,12.64,12.68,12.63,3987200.0,50449637.0
2023-03-20 10:40:00,12.64,12.65,12.67,12.64,2208300.0,27943692.0
2023-03-20 10:45:00,12.65,12.66,12.68,12.64,2275600.0,28808701.0
2023-03-20 10:50:00,12.66,12.69,12.72,12.66,1307800.0,16606760.0
2023-03-20 10:55:00,12.69,12.71,12.71,12.68,1525600.0,19368360.0
2023-03-20 11:00:00,12.71,12.71,12.71,12.68,1115600.0,14164164.0
2023-03-20 11:05:00,12.69,12.71,12.73,12.69,1191900.0,15140611.0
2023-03-20 11:10:00,12.72,12.71,12.73,12.71,799200.0,10161884.0
2023-03-20 11:15:00,12.72,12.72,12.73,12.71,904100.0,11500679.0
2023-03-20 11:20:00,12.72,12.72,12.73,12.7,932400.0,11855705.0
2023-03-20 11:25:00,12.71,12.71,12.72,12.69,1327000.0,16861737.0
2023-03-20 11:30:00,12.71,12.67,12.72,12.67,1059500.0,13444743.0
2023-03-20 13:05:00,12.67,12.64,12.69,12.63,3630000.0,45913464.0
2023-03-20 13:10:00,12.64,12.64,12.65,12.63,1350000.0,17059922.0
2023-03-20 13:15:00,12.63,12.62,12.64,12.61,2697800.0,34047475.0
2023-03-20 13:20:00,12.63,12.59,12.63,12.58,4712400.0,59385786.0
2023-03-20 13:25:00,12.59,12.6,12.61,12.58,2562400.0,32255345.0
2023-03-20 13:30:00,12.61,12.6,12.62,12.6,1310500.0,16519492.0
2023-03-20 13:35:00,12.6,12.58,12.6,12.57,2582600.0,32495570.0
2023-03-20 13:40:00,12.58,12.59,12.61,12.58,1854400.0,23347575.0
2023-03-20 13:45:00,12.6,12.58,12.6,12.58,1212800.0,15265787.0
2023-03-20 13:50:00,12.58,12.57,12.59,12.55,5075800.0,63799769.0
2023-03-20 13:55:00,12.56,12.57,12.59,12.56,2141200.0,26921044.0
2023-03-20 14:00:00,12.58,12.57,12.58,12.56,1684400.0,21170687.0
2023-03-20 14:05:00,12.58,12.57,12.58,12.56,2230600.0,28037378.0
2023-03-20 14:10:00,12.57,12.57,12.58,12.56,1536400.0,19317151.0
2023-03-20 14:15:00,12.57,12.56,12.59,12.56,1626000.0,20442466.0
2023-03-20 14:20:00,12.57,12.58,12.58,12.56,1152100.0,14482073.0
2023-03-20 14:25:00,12.57,12.57,12.58,12.56,1485900.0,18676769.0
2023-03-20 14:30:00,12.57,12.58,12.59,12.56,1373000.0,17263627.0
2023-03-20 14:35:00,12.57,12.56,12.58,12.55,3280500.0,41215347.0
2023-03-20 14:40:00,12.56,12.57,12.58,12.56,1458100.0,18322444.0
2023-03-20 14:45:00,12.57,12.57,12.58,12.56,1487300.0,18695377.0
2023-03-20 14:50:00,12.58,12.57,12.59,12.57,1621500.0,20390298.0
2023-03-20 14:55:00,12.58,12.57,12.59,12.57,1436100.0,18060948.0
2023-03-20 15:00:00,12.57,12.57,12.58,12.57,1548000.0,19462580.0
2023-03-21 09:35:00,12.65,12.74,12.75,12.61,7442500.0,94511339.0
2023-03-21 09:40:00,12.74,12.74,12.77,12.71,5077600.0,64711550.0
2023-03-21 09:45:00,12.74,12.67,12.74,12.66,2751600.0,34904389.0
2023-03-21 09:50:00,12.67,12.61,12.67,12.61,2079600.0,26268238.0
2023-03-21 09:55:00,12.62,12.61,12.63,12.58,3752900.0,47298032.0
2023-03-21 10:00:00,12.6,12.6,12.62,12.57,3015700.0,37988119.0
2023-03-21 10:05:00,12.59,12.56,12.6,12.55,3207800.0,40345079.0
2023-03-21 10:10:00,12.56,12.55,12.57,12.54,2298500.0,28856224.0
2023-03-21 10:15:00,12.55,12.52,12.55,12.51,3653200.0,45772890.0
2023-03-21 10:20:00,12.52,12.54,12.54,12.51,3291000.0,41195433.0
2023-03-21 10:25:00,12.54,12.52,12.55,12.51,1990000.0,24913728.0
2023-03-21 10:30:00,12.53,12.56,12.56,12.52,1450000.0,18177907.0
2023-03-21 10:35:00,12.56,12.59,12.62,12.56,1770300.0,22307262.0
2023-03-21 10:40:00,12.59,12.63,12.63,12.58,1240500.0,15633287.0
2023-03-21 10:45:00,12.63,12.56,12.63,12.55,1181100.0,14876142.0
2023-03-21 10:50:00,12.56,12.57,12.58,12.55,557800.0,7006198.0
2023-03-21 10:55:00,12.58,12.57,12.58,12.55,755300.0,9489590.0
2023-03-21 11:00:00,12.57,12.57,12.59,12.56,963900.0,12115647.0
2023-03-21 11:05:00,12.57,12.54,12.57,12.53,928900.0,11656968.0
2023-03-21 11:10:00,12.53,12.55,12.56,12.53,558900.0,7010151.0
2023-03-21 11:15:00,12.55,12.54,12.57,12.54,992900.0,12459474.0
2023-03-21 11:20:00,12.53,12.54,12.54,12.52,942000.0,11803972.0
2023-03-21 11:25:00,12.54,12.54,12.56,12.53,783100.0,9824528.0
2023-03-21 11:30:00,12.55,12.53,12.55,12.52,1032600.0,12944788.0
2023-03-21 13:05:00,12.53,12.55,12.55,12.52,1211500.0,15180539.0
2023-03-21 13:10:00,12.54,12.54,12.55,12.53,543100.0,6811247.0
2023-03-21 13:15:00,12.54,12.54,12.55,12.53,796400.0,9986312.0
2023-03-21 13:20:00,12.55,12.6,12.6,12.54,1309800.0,16473223.0
2023-03-21 13:25:00,12.6,12.6,12.61,12.58,963700.0,12142300.0
2023-03-21 13:30:00,12.61,12.61,12.65,12.61,1482300.0,18712668.0
2023-03-21 13:35:00,12.61,12.64,12.66,12.61,2498000.0,31570890.0
2023-03-21 13:40:00,12.63,12.63,12.64,12.61,1141100.0,14402827.0
2023-03-21 13:45:00,12.62,12.59,12.63,12.58,1347600.0,16980177.0
2023-03-21 13:50:00,12.58,12.6,12.61,12.58,879300.0,11075085.0
2023-03-21 13:55:00,12.6,12.61,12.62,12.59,735300.0,9272237.0
2023-03-21 14:00:00,12.6,12.59,12.62,12.59,846600.0,10670744.0
2023-03-21 14:05:00,12.61,12.63,12.64,12.6,1728900.0,21813204.0
2023-03-21 14:10:00,12.62,12.64,12.65,12.62,994400.0,12565264.0
2023-03-21 14:15:00,12.63,12.65,12.65,12.62,1278300.0,16152562.0
2023-03-21 14:20:00,12.64,12.64,12.65,12.63,747200.0,9443616.0
2023-03-21 14:25:00,12.64,12.66,12.67,12.63,1191400.0,15075369.0
2023-03-21 14:30:00,12.66,12.68,12.68,12.66,1372500.0,17391475.0
2023-03-21 14:35:00,12.68,12.67,12.68,12.65,1600600.0,20271779.0
2023-03-21 14:40:00,12.66,12.66,12.67,12.65,1077900.0,13648309.0
2023-03-21 14:45:00,12.67,12.67,12.69,12.66,1555200.0,19713707.0
2023-03-21 14:50:00,12.68,12.66,12.68,12.66,1744100.0,22093072.0
2023-03-21 14:55:00,12.67,12.7,12.71,12.66,3444400.0,43694904.0
2023-03-21 15:00:00,12.7,12.7,12.7,12.68,1867000.0,23701611.0
2023-03-22 09:35:00,12.75,12.72,12.81,12.72,8323200.0,106217507.0
2023-03-22 09:40:00,12.72,12.81,12.82,12.72,5454000.0,69688137.0
2023-03-22 09:45:00,12.81,12.83,12.87,12.8,6586100.0,84621450.0
2023-03-22 09:50:00,12.83,12.84,12.85,12.81,2333000.0,29950159.0
2023-03-22 09:55:00,12.84,12.87,12.87,12.81,3274500.0,42042664.0
2023-03-22 10:00:00,12.86,12.84,12.88,12.83,2212800.0,28452649.0
2023-03-22 10:05:00,12.84,12.85,12.86,12.84,2178700.0,28004679.0
2023-03-22 10:10:00,12.86,12.82,12.87,12.82,1913500.0,24589394.0
2023-03-22 10:15:00,12.82,12.81,12.82,12.77,3265100.0,41792101.0
2023-03-22 10:20:00,12.81,12.8,12.81,12.78,1713100.0,21923954.0
2023-03-22 10:25:00,12.8,12.79,12.8,12.78,1055400.0,13501329.0
2023-03-22 10:30:00,12.79,12.84,12.84,12.79,1580300.0,20267325.0
2023-03-22 10:35:00,12.83,12.79,12.84,12.79,1107700.0,14193403.0
2023-03-22 10:40:00,12.8,12.78,12.8,12.78,933600.0,11936878.0
2023-03-22 10:45:00,12.78,12.78,12.79,12.77,1113200.0,14225729.0
2023-03-22 10:50:00,12.78,12.79,12.79,12.77,734400.0,9386497.0
2023-03-22 10:55:00,12.79,12.79,12.8,12.78,711200.0,9095757.0
2023-03-22 11:00:00,12.79,12.8,12.81,12.79,599400.0,7673043.0
2023-03-22 11:05:00,12.8,12.76,12.81,12.75,2544100.0,32510720.0
2023-03-22 11:10:00,12.76,12.74,12.77,12.74,1677100.0,21385303.0
2023-03-22 11:15:00,12.75,12.74,12.75,12.72,1406300.0,17906046.0
2023-03-22 11:20:00,12.75,12.75,12.75,12.73,1331000.0,16966112.0
2023-03-22 11:25:00,12.74,12.74,12.77,12.74,589000.0,7510748.0
2023-03-22 11:30:00,12.74,12.75,12.75,12.73,1671000.0,21287663.0
2023-03-22 13:05:00,12.75,12.76,12.78,12.75,915400.0,11680561.0
2023-03-22 13:10:00,12.76,12.77,12.78,12.76,795700.0,10161700.0
2023-03-22 13:15:00,12.76,12.76,12.77,12.75,582500.0,7431769.0
2023-03-22 13:20:00,12.77,12.77,12.77,12.75,689900.0,8806073.0
2023-03-22 13:25:00,12.76,12.79,12.8,12.76,1328700.0,16986272.0
2023-03-22 13:30:00,12.79,12.78,12.8,12.77,1092100.0,13959500.0
2023-03-22 13:35:00,12.77,12.78,12.8,12.77,1609300.0,20582343.0
2023-03-22 13:40:00,12.79,12.79,12.79,12.77,976800.0,12487512.0
2023-03-22 13:45:00,12.78,12.77,12.79,12.77,1221100.0,15607976.0
2023-03-22 13:50:00,12.78,12.78,12.79,12.77,988000.0,12631176.0
2023-03-22 13:55:00,12.79,12.78,12.79,12.77,1210700.0,15474547.0
2023-03-22 14:00:00,12.77,12.76,12.79,12.76,1207400.0,15419297.0
2023-03-22 14:05:00,12.76,12.76,12.78,12.76,873900.0,11155497.0
2023-03-22 14:10:00,12.76,12.75,12.77,12.75,1190100.0,15182257.0
2023-03-22 14:15:00,12.75,12.75,12.76,12.75,1394200.0,17783099.0
2023-03-22 14:20:00,12.76,12.77,12.77,12.75,900900.0,11496199.0
2023-03-22 14:25:00,12.76,12.78,12.78,12.76,1320100.0,16860877.0
2023-03-22 14:30:00,12.77,12.78,12.79,12.77,966200.0,12347144.0
2023-03-22 14:35:00,12.78,12.77,12.79,12.77,1561300.0,19950947.0
2023-03-22 14:40:00,12.78,12.74,12.78,12.74,3056800.0,38998063.0
2023-03-22 14:45:00,12.74,12.75,12.76,12.74,2483600.0,31658079.0
2023-03-22 14:50:00,12.76,12.75,12.76,12.75,2384700.0,30408379.0
2023-03-22 14:55:00,12.76,12.76,12.77,12.75,2548900.0,32520114.0
2023-03-22 15:00:00,12.77,12.79,12.79,12.76,2062900.0,26362125.0
2023-03-23 09:35:00,12.7,12.7,12.73,12.63,4394600.0,55728457.0
2023-03-23 09:40:00,12.7,12.71,12.77,12.7,2843400.0,36233066.0
2023-03-23 09:45:00,12.71,12.74,12.77,12.71,1704300.0,21727917.0
2023-03-23 09:50:00,12.75,12.76,12.77,12.73,1364400.0,17396570.0
2023-03-23 09:55:00,12.76,12.72,12.76,12.7,2144200.0,27291286.0
2023-03-23 10:00:00,12.72,12.71,12.73,12.7,1523700.0,19359547.0
2023-03-23 10:05:00,12.7,12.72,12.74,12.7,1312500.0,16694337.0
2023-03-23 10:10:00,12.72,12.73,12.74,12.71,1090400.0,13869087.0
2023-03-23 10:15:00,12.74,12.73,12.76,12.73,1646800.0,20999577.0
2023-03-23 10:20:00,12.74,12.73,12.74,12.73,751600.0,9572194.0
2023-03-23 10:25:00,12.74,12.76,12.77,12.72,1484300.0,18910500.0
2023-03-23 10:30:00,12.76,12.75,12.77,12.75,768800.0,9810500.0
2023-03-23 10:35:00,12.75,12.73,12.76,12.72,1203500.0,15337427.0
2023-03-23 10:40:00,12.73,12.71,12.74,12.71,2499300.0,31772687.0
2023-03-23 10:45:00,12.7,12.7,12.71,12.69,1849200.0,23478938.0
2023-03-23 10:50:00,12.69,12.7,12.71,12.69,1139400.0,14472804.0
2023-03-23 10:55:00,12.7,12.71,12.72,12.7,1473100.0,18714382.0
2023-03-23 11:00:00,12.71,12.72,12.72,12.71,583800.0,7423044.0
2023-03-23 11:05:00,12.72,12.7,12.73,12.7,524800.0,6671324.0
2023-03-23 11:10:00,12.7,12.71,12.71,12.7,631200.0,8019147.0
2023-03-23 11:15:00,12.71,12.71,12.72,12.71,588600.0,7483899.0
2023-03-23 11:20:00,12.72,12.71,12.72,12.7,518600.0,6591241.0
2023-03-23 11:25:00,12.71,12.73,12.74,12.71,464200.0,5906631.0
2023-03-23 11:30:00,12.74,12.73,12.75,12.72,490500.0,6246081.0
2023-03-23 13:05:00,12.73,12.78,12.79,12.72,2368800.0,30228189.0
2023-03-23 13:10:00,12.78,12.77,12.78,12.76,871700.0,11130878.0
2023-03-23 13:15:00,12.77,12.83,12.83,12.77,3984700.0,51013125.0
2023-03-23 13:20:00,12.83,12.83,12.87,12.82,3960800.0,50884716.0
2023-03-23 13:25:00,12.83,12.82,12.84,12.81,964200.0,12364918.0
2023-03-23 13:30:00,12.81,12.87,12.88,12.81,2729400.0,35082285.0
2023-03-23 13:35:00,12.87,12.86,12.87,12.85,1660700.0,21352682.0
2023-03-23 13:40:00,12.87,12.84,12.87,12.84,1384900.0,17805436.0
2023-03-23 13:45:00,12.84,12.86,12.87,12.84,1399600.0,17991428.0
2023-03-23 13:50:00,12.86,12.84,12.87,12.84,2110400.0,27141219.0
2023-03-23 13:55:00,12.84,12.83,12.85,12.82,1446500.0,18569886.0
2023-03-23 14:00:00,12.82,12.83,12.84,12.81,907100.0,11633098.0
2023-03-23 14:05:00,12.84,12.84,12.85,12.82,868300.0,11144792.0
2023-03-23 14:10:00,12.85,12.85,12.86,12.83,2246600.0,28864126.0
2023-03-23 14:15:00,12.86,12.86,12.87,12.84,1685600.0,21666163.0
2023-03-23 14:20:00,12.86,12.86,12.87,12.85,892200.0,11471719.0
2023-03-23 14:25:00,12.85,12.87,12.87,12.85,870100.0,11191051.0
2023-03-23 14:30:00,12.86,12.87,12.88,12.86,1840100.0,23685826.0
2023-03-23 14:35:00,12.87,12.88,12.89,12.87,3088400.0,39778044.0
2023-03-23 14:40:00,12.88,12.88,12.89,12.87,2303700.0,29667293.0
2023-03-23 14:45:00,12.88,12.88,12.89,12.88,1388400.0,17890570.0
2023-03-23 14:50:00,12.89,12.89,12.9,12.88,2823800.0,36392510.0
2023-03-23 14:55:00,12.89,12.89,12.9,12.88,2558800.0,32987263.0
2023-03-23 15:00:00,12.89,12.9,12.9,12.89,3080500.0,39732637.0
2023-03-24 09:35:00,12.85,12.81,12.85,12.77,6382700.0,81740045.0
2023-03-24 09:40:00,12.82,12.84,12.86,12.81,3017400.0,38714228.0
2023-03-24 09:45:00,12.84,12.8,12.85,12.79,2845000.0,36455721.0
2023-03-24 09:50:00,12.81,12.77,12.81,12.77,3940500.0,50361948.0
2023-03-24 09:55:00,12.78,12.79,12.81,12.78,1363800.0,17442072.0
2023-03-24 10:00:00,12.8,12.8,12.81,12.78,1548100.0,19799968.0
2023-03-24 10:05:00,12.8,12.84,12.84,12.8,1242600.0,15924380.0
2023-03-24 10:10:00,12.84,12.83,12.85,12.82,1649400.0,21178308.0
2023-03-24 10:15:00,12.84,12.82,12.84,12.81,758400.0,9725653.0
2023-03-24 10:20:00,12.82,12.81,12.82,12.8,914800.0,11719038.0
2023-03-24 10:25:00,12.8,12.8,12.81,12.79,893000.0,11430975.0
2023-03-24 10:30:00,12.81,12.81,12.81,12.79,1115700.0,14288055.0
2023-03-24 10:35:00,12.82,12.82,12.83,12.81,989900.0,12689807.0
2023-03-24 10:40:00,12.82,12.83,12.83,12.81,879100.0,11271744.0
2023-03-24 10:45:00,12.82,12.78,12.83,12.77,2819400.0,36074513.0
2023-03-24 10:50:00,12.78,12.8,12.8,12.77,832100.0,10637739.0
2023-03-24 10:55:00,12.8,12.79,12.8,12.78,842800.0,10778167.0
2023-03-24 11:00:00,12.78,12.8,12.8,12.78,812600.0,10398079.0
2023-03-24 11:05:00,12.8,12.8,12.82,12.79,587400.0,7522377.0
2023-03-24 11:10:00,12.81,12.81,12.83,12.8,697700.0,8940878.0
2023-03-24 11:15:00,12.81,12.83,12.83,12.8,626700.0,8032626.0
2023-03-24 11:20:00,12.83,12.83,12.83,12.82,351500.0,4508238.0
2023-03-24 11:25:00,12.83,12.8,12.83,12.8,1247700.0,15982460.0
2023-03-24 11:30:00,12.8,12.82,12.83,12.79,393400.0,5039758.0
2023-03-24 13:05:00,12.82,12.82,12.83,12.8,1183900.0,15181794.0
2023-03-24 13:10:00,12.82,12.81,12.83,12.81,670900.0,8601388.0
2023-03-24 13:15:00,12.82,12.81,12.83,12.81,619700.0,7946063.0
2023-03-24 13:20:00,12.81,12.82,12.82,12.81,607900.0,7788946.0
2023-03-24 13:25:00,12.81,12.85,12.85,12.81,955400.0,12258017.0
2023-03-24 13:30:00,12.85,12.84,12.85,12.83,982900.0,12625594.0
2023-03-24 13:35:00,12.83,12.85,12.85,12.83,573300.0,7358990.0
2023-03-24 13:40:00,12.84,12.86,12.86,12.84,1205200.0,15494401.0
2023-03-24 13:45:00,12.85,12.85,12.86,12.84,1244800.0,15995520.0
2023-03-24 13:50:00,12.84,12.84,12.85,12.83,716700.0,9203194.0
2023-03-24 13:55:00,12.83,12.84,12.84,12.82,818000.0,10496674.0
2023-03-24 14:00:00,12.84,12.82,12.84,12.8,1383000.0,17725579.0
2023-03-24 14:05:00,12.81,12.81,12.82,12.79,1329400.0,17021464.0
2023-03-24 14:10:00,12.8,12.82,12.82,12.8,743500.0,9523844.0
2023-03-24 14:15:00,12.82,12.83,12.83,12.81,891900.0,11433938.0
2023-03-24 14:20:00,12.83,12.8,12.83,12.8,1182600.0,15153136.0
2023-03-24 14:25:00,12.8,12.83,12.83,12.8,1269600.0,16265035.0
2023-03-24 14:30:00,12.82,12.82,12.83,12.81,1365700.0,17511701.0
2023-03-24 14:35:00,12.81,12.82,12.83,12.81,1107900.0,14206244.0
2023-03-24 14:40:00,12.81,12.81,12.82,12.8,1342100.0,17188759.0
2023-03-24 14:45:00,12.81,12.8,12.81,12.8,1545900.0,19794733.0
2023-03-24 14:50:00,12.8,12.82,12.82,12.8,1069300.0,13695549.0
2023-03-24 14:55:00,12.82,12.82,12.82,12.8,1507500.0,19309622.0
2023-03-24 15:00:00,12.81,12.82,12.82,12.81,1083100.0,13882580.0
2023-03-27 09:35:00,12.8,12.72,12.81,12.7,6265700.0,79766991.0
2023-03-27 09:40:00,12.72,12.63,12.72,12.62,6971800.0,88176386.0
2023-03-27 09:45:00,12.64,12.65,12.65,12.59,5435800.0,68570064.0
2023-03-27 09:50:00,12.65,12.6,12.66,12.59,4437100.0,55968999.0
2023-03-27 09:55:00,12.6,12.61,12.62,12.58,5598800.0,70489996.0
2023-03-27 10:00:00,12.61,12.57,12.61,12.56,4585500.0,57653546.0
2023-03-27 10:05:00,12.56,12.53,12.57,12.53,5086500.0,63827055.0
2023-03-27 10:10:00,12.53,12.56,12.56,12.52,3373800.0,42287184.0
2023-03-27 10:15:00,12.55,12.57,12.57,12.54,1926200.0,24191658.0
2023-03-27 10:20:00,12.56,12.53,12.56,12.52,3003400.0,37643991.0
2023-03-27 10:25:00,12.53,12.52,12.53,12.5,4655200.0,58247714.0
2023-03-27 10:30:00,12.52,12.51,12.53,12.51,2687100.0,33630474.0
2023-03-27 10:35:00,12.51,12.51,12.52,12.5,2819000.0,35255122.0
2023-03-27 10:40:00,12.51,12.51,12.53,12.5,2036300.0,25476006.0
2023-03-27 10:45:00,12.52,12.51,12.52,12.5,1621200.0,20285608.0
2023-03-27 10:50:00,12.51,12.51,12.53,12.5,1595300.0,19958287.0
2023-03-27 10:55:00,12.52,12.53,12.53,12.5,1182400.0,14797430.0
2023-03-27 11:00:00,12.53,12.53,12.53,12.51,1557500.0,19505436.0
2023-03-27 11:05:00,12.53,12.52,12.55,12.52,1892700.0,23723312.0
2023-03-27 11:10:00,12.53,12.51,12.53,12.51,1122000.0,14046168.0
2023-03-27 11:15:00,12.52,12.52,12.53,12.51,1384700.0,17327742.0
2023-03-27 11:20:00,12.52,12.49,12.52,12.48,4665100.0,58310110.0
2023-03-27 11:25:00,12.48,12.48,12.49,12.47,2994500.0,37356939.0
2023-03-27 11:30:00,12.48,12.5,12.51,12.47,995200.0,12424772.0
2023-03-27 13:05:00,12.51,12.49,12.56,12.49,2411300.0,30173430.0
2023-03-27 13:10:00,12.49,12.52,12.52,12.49,637900.0,7976505.0
2023-03-27 13:15:00,12.51,12.51,12.52,12.5,799600.0,10003404.0
2023-03-27 13:20:00,12.51,12.55,12.55,12.51,764400.0,9578810.0
2023-03-27 13:25:00,12.54,12.54,12.56,12.54,808000.0,10138738.0
2023-03-27 13:30:00,12.54,12.55,12.55,12.53,794200.0,9959214.0
2023-03-27 13:35:00,12.53,12.54,12.55,12.53,547100.0,6858464.0
2023-03-27 13:40:00,12.53,12.54,12.54,12.53,635100.0,7961090.0
2023-03-27 13:45:00,12.54,12.55,12.56,12.53,570100.0,7153440.0
2023-03-27 13:50:00,12.56,12.57,12.58,12.55,887600.0,11152962.0
2023-03-27 13:55:00,12.56,12.55,12.57,12.55,751900.0,9440848.0
2023-03-27 14:00:00,12.55,12.55,12.56,12.54,634600.0,7961596.0
2023-03-27 14:05:00,12.55,12.55,12.56,12.54,764200.0,9589577.0
2023-03-27 14:10:00,12.54,12.55,12.55,12.54,622300.0,7805602.0
2023-03-27 14:15:00,12.55,12.54,12.55,12.53,716200.0,8980843.0
2023-03-27 14:20:00,12.54,12.56,12.56,12.54,959200.0,12041334.0
2023-03-27 14:25:00,12.56,12.56,12.57,12.55,942600.0,11837325.0
2023-03-27 14:30:00,12.56,12.58,12.58,12.56,930900.0,11696110.0
2023-03-27 14:35:00,12.58,12.57,12.58,12.57,951200.0,11961776.0
2023-03-27 14:40:00,12.58,12.56,12.58,12.55,1400900.0,17599238.0
2023-03-27 14:45:00,12.56,12.55,12.57,12.55,765300.0,9610873.0
2023-03-27 14:50:00,12.57,12.56,12.57,12.55,1339000.0,16822280.0
2023-03-27 14:55:00,12.57,12.58,12.58,12.56,1343600.0,16890695.0
2023-03-27 15:00:00,12.57,12.6,12.6,12.57,1972100.0,24829912.0
2023-03-28 09:35:00,12.66,12.68,12.72,12.63,8795700.0,111549399.0
2023-03-28 09:40:00,12.68,12.66,12.69,12.64,2369100.0,29996182.0
2023-03-28 09:45:00,12.65,12.66,12.7,12.65,2407900.0,30523633.0
2023-03-28 09:50:00,12.66,12.63,12.67,12.6,2071000.0,26136561.0
2023-03-28 09:55:00,12.63,12.6,12.63,12.58,1777600.0,22401389.0
2023-03-28 10:00:00,12.6,12.62,12.64,12.6,2516000.0,31724823.0
2023-03-28 10:05:00,12.62,12.6,12.62,12.58,1826100.0,23005052.0
2023-03-28 10:10:00,12.61,12.61,12.62,12.6,1849700.0,23320575.0
2023-03-28 10:15:00,12.6,12.58,12.62,12.56,1793300.0,22575286.0
2023-03-28 10:20:00,12.59,12.58,12.59,12.57,795400.0,10009680.0
2023-03-28 10:25:00,12.59,12.58,12.59,12.57,776500.0,9766587.0
2023-03-28 10:30:00,12.57,12.57,12.58,12.55,1256300.0,15778643.0
2023-03-28 10:35:00,12.57,12.59,12.59,12.57,974700.0,12259759.0
2023-03-28 10:40:00,12.6,12.59,12.61,12.59,1018400.0,12827207.0
2023-03-28 10:45:00,12.59,12.59,12.6,12.58,471000.0,5930343.0
2023-03-28 10:50:00,12.59,12.62,12.63,12.58,676700.0,8532730.0
2023-03-28 10:55:00,12.62,12.63,12.64,12.62,601000.0,7589574.0
2023-03-28 11:00:00,12.63,12.61,12.64,12.61,1079700.0,13635540.0
2023-03-28 11:05:00,12.62,12.63,12.65,12.61,751400.0,9493477.0
2023-03-28 11:10:00,12.63,12.63,12.64,12.6,1383300.0,17461018.0
2023-03-28 11:15:00,12.62,12.63,12.64,12.62,607200.0,7666870.0
2023-03-28 11:20:00,12.62,12.61,12.63,12.6,511800.0,6455819.0
2023-03-28 11:25:00,12.62,12.6,12.62,12.6,462600.0,5832665.0
2023-03-28 11:30:00,12.6,12.6,12.61,12.6,353900.0,4460984.0
2023-03-28 13:05:00,12.61,12.66,12.66,12.58,2104400.0,26549579.0
2023-03-28 13:10:00,12.65,12.65,12.66,12.65,1518600.0,19213716.0
2023-03-28 13:15:00,12.66,12.67,12.69,12.64,3225400.0,40862381.0
2023-03-28 13:20:00,12.68,12.65,12.68,12.64,956900.0,12116233.0
2023-03-28 13:25:00,12.65,12.64,12.67,12.63,688500.0,8709430.0
2023-03-28 13:30:00,12.64,12.65,12.65,12.63,877500.0,11089593.0
2023-03-28 13:35:00,12.65,12.62,12.65,12.62,580300.0,7331513.0
2023-03-28 13:40:00,12.63,12.62,12.65,12.62,871300.0,11007103.0
2023-03-28 13:45:00,12.64,12.63,12.65,12.62,407900.0,5154331.0
2023-03-28 13:50:00,12.63,12.65,12.65,12.62,748700.0,9460833.0
2023-03-28 13:55:00,12.65,12.68,12.68,12.64,1553600.0,19680089.0
2023-03-28 14:00:00,12.68,12.67,12.68,12.65,1331200.0,16864266.0
2023-03-28 14:05:00,12.67,12.68,12.69,12.66,1350700.0,17126493.0
2023-03-28 14:10:00,12.68,12.67,12.68,12.66,877800.0,11123693.0
2023-03-28 14:15:00,12.67,12.67,12.7,12.65,2600400.0,32973712.0
2023-03-28 14:20:00,12.68,12.65,12.68,12.65,737300.0,9337474.0
2023-03-28 14:25:00,12.66,12.67,12.67,12.64,940600.0,11902598.0
2023-03-28 14:30:00,12.66,12.65,12.67,12.65,498900.0,6314944.0
2023-03-28 14:35:00,12.65,12.65,12.66,12.64,976900.0,12356089.0
2023-03-28 14:40:00,12.64,12.64,12.65,12.63,847600.0,10711415.0
2023-03-28 14:45:00,12.64,12.63,12.64,12.62,1137100.0,14360441.0
2023-03-28 14:50:00,12.63,12.64,12.65,12.61,2038600.0,25751999.0
2023-03-28 14:55:00,12.64,12.65,12.66,12.62,1736600.0,21961561.0
2023-03-28 15:00:00,12.64,12.64,12.65,12.63,1653700.0,20904587.0
2023-03-29 09:35:00,12.73,12.66,12.73,12.63,8399900.0,106721794.0
2023-03-29 09:40:00,12.67,12.66,12.7,12.65,3770200.0,47805216.0
2023-03-29 09:45:00,12.66,12.64,12.69,12.64,1644200.0,20820536.0
2023-03-29 09:50:00,12.64,12.61,12.64,12.61,2502600.0,31598236.0
2023-03-29 09:55:00,12.62,12.62,12.63,12.61,852900.0,10766349.0
2023-03-29 10:00:00,12.62,12.62,12.65,12.61,1023700.0,12924857.0
2023-03-29 10:05:00,12.61,12.58,12.62,12.57,2487900.0,31332131.0
2023-03-29 10:10:00,12.57,12.58,12.62,12.57,1685900.0,21225548.0
2023-03-29 10:15:00,12.58,12.56,12.59,12.56,1489400.0,18721136.0
2023-03-29 10:20:00,12.57,12.57,12.58,12.55,1230100.0,15451696.0
2023-03-29 10:25:00,12.57,12.56,12.58,12.56,1192400.0,14980863.0
2023-03-29 10:30:00,12.56,12.58,12.58,12.56,509700.0,6407901.0
2023-03-29 10:35:00,12.58,12.58,12.59,12.57,574000.0,7219557.0
2023-03-29 10:40:00,12.59,12.59,12.6,12.57,751100.0,9448235.0
2023-03-29 10:45:00,12.6,12.59,12.6,12.58,334800.0,4215937.0
2023-03-29 10:50:00,12.58,12.6,12.6,12.58,438500.0,5519775.0
2023-03-29 10:55:00,12.59,12.57,12.59,12.57,849900.0,10692810.0
2023-03-29 11:00:00,12.58,12.58,12.59,12.57,552300.0,6946830.0
2023-03-29 11:05:00,12.58,12.59,12.59,12.57,502400.0,6319973.0
2023-03-29 11:10:00,12.59,12.61,12.61,12.58,543300.0,6841715.0
2023-03-29 11:15:00,12.61,12.61,12.62,12.6,441300.0,5564705.0
2023-03-29 11:20:00,12.61,12.6,12.62,12.59,678700.0,8552845.0
2023-03-29 11:25:00,12.59,12.57,12.6,12.57,1149300.0,14457953.0
2023-03-29 11:30:00,12.58,12.59,12.59,12.56,508700.0,6397312.0
2023-03-29 13:05:00,12.59,12.6,12.61,12.58,990800.0,12481801.0
2023-03-29 13:10:00,12.6,12.59,12.62,12.59,364800.0,4597761.0
2023-03-29 13:15:00,12.6,12.58,12.61,12.57,560200.0,7050304.0
2023-03-29 13:20:00,12.58,12.56,12.58,12.55,1504000.0,18894606.0
2023-03-29 13:25:00,12.56,12.56,12.57,12.55,1226000.0,15397133.0
2023-03-29 13:30:00,12.55,12.55,12.57,12.55,1747900.0,21938672.0
2023-03-29 13:35:00,12.54,12.54,12.54,12.52,1616100.0,20250176.0
2023-03-29 13:40:00,12.54,12.54,12.55,12.53,862800.0,10815042.0
2023-03-29 13:45:00,12.55,12.54,12.55,12.53,1409200.0,17664850.0
2023-03-29 13:50:00,12.55,12.54,12.55,12.54,578900.0,7260508.0
2023-03-29 13:55:00,12.54,12.56,12.57,12.54,528500.0,6635412.0
2023-03-29 14:00:00,12.56,12.54,12.56,12.53,858600.0,10768673.0
2023-03-29 14:05:00,12.54,12.55,12.55,12.52,3718700.0,46571374.0
2023-03-29 14:10:00,12.55,12.55,12.55,12.54,482700.0,6055322.0
2023-03-29 14:15:00,12.55,12.55,12.55,12.54,295900.0,3712230.0
2023-03-29 14:20:00,12.55,12.55,12.55,12.53,774300.0,9711559.0
2023-03-29 14:25:00,12.55,12.55,12.55,12.52,979900.0,12278806.0
2023-03-29 14:30:00,12.55,12.54,12.55,12.52,831000.0,10416839.0
2023-03-29 14:35:00,12.54,12.53,12.54,12.53,768400.0,9631097.0
2023-03-29 14:40:00,12.54,12.54,12.55,12.53,890500.0,11165230.0
2023-03-29 14:45:00,12.54,12.54,12.55,12.53,640800.0,8035106.0
2023-03-29 14:50:00,12.54,12.53,12.55,12.52,1059400.0,13277277.0
2023-03-29 14:55:00,12.53,12.53,12.55,12.53,920100.0,11535982.0
2023-03-29 15:00:00,12.53,12.53,12.54,12.53,1883700.0,23607881.0
2023-03-30 09:35:00,12.55,12.55,12.58,12.53,3359900.0,42173091.0
2023-03-30 09:40:00,12.54,12.59,12.6,12.54,2491400.0,31323451.0
2023-03-30 09:45:00,12.59,12.54,12.6,12.54,1488900.0,18703744.0
2023-03-30 09:50:00,12.53,12.53,12.54,12.52,1453800.0,18209984.0
2023-03-30 09:55:00,12.51,12.48,12.53,12.47,3920900.0,49022972.0
2023-03-30 10:00:00,12.47,12.46,12.49,12.46,2109400.0,26312740.0
2023-03-30 10:05:00,12.46,12.42,12.46,12.41,3615800.0,44958091.0
2023-03-30 10:10:00,12.43,12.44,12.44,12.41,2296600.0,28526082.0
2023-03-30 10:15:00,12.44,12.44,12.44,12.42,970100.0,12059059.0
2023-03-30 10:20:00,12.43,12.46,12.47,12.43,2042100.0,25411058.0
2023-03-30 10:25:00,12.46,12.47,12.49,12.45,1162600.0,14493547.0
2023-03-30 10:30:00,12.47,12.46,12.48,12.45,1074700.0,13393016.0
2023-03-30 10:35:00,12.46,12.45,12.47,12.44,620300.0,7723917.0
2023-03-30 10:40:00,12.44,12.43,12.45,12.42,1140000.0,14173670.0
2023-03-30 10:45:00,12.44,12.45,12.45,12.42,1134900.0,14108450.0
2023-03-30 10:50:00,12.44,12.43,12.44,12.42,886500.0,11017518.0
2023-03-30 10:55:00,12.43,12.42,12.43,12.41,1035400.0,12859280.0
2023-03-30 11:00:00,12.42,12.43,12.43,12.41,751600.0,9333065.0
2023-03-30 11:05:00,12.43,12.42,12.43,12.41,1059900.0,13163740.0
2023-03-30 11:10:00,12.42,12.43,12.44,12.41,860300.0,10685191.0
2023-03-30 11:15:00,12.43,12.43,12.44,12.42,1040200.0,12922084.0
2023-03-30 11:20:00,12.44,12.45,12.45,12.43,255800.0,3182191.0
2023-03-30 11:25:00,12.45,12.45,12.45,12.44,321300.0,3997857.0
2023-03-30 11:30:00,12.44,12.47,12.47,12.44,367200.0,4573435.0
2023-03-30 13:05:00,12.46,12.49,12.52,12.45,1494400.0,18658759.0
2023-03-30 13:10:00,12.5,12.48,12.5,12.47,472900.0,5903808.0
2023-03-30 13:15:00,12.48,12.48,12.49,12.47,496600.0,6197393.0
2023-03-30 13:20:00,12.49,12.51,12.52,12.48,1007200.0,12590971.0
2023-03-30 13:25:00,12.51,12.51,12.53,12.5,1043600.0,13061478.0
2023-03-30 13:30:00,12.52,12.53,12.53,12.5,934800.0,11707090.0
2023-03-30 13:35:00,12.53,12.53,12.55,12.52,1105600.0,13859753.0
2023-03-30 13:40:00,12.53,12.53,12.53,12.51,889600.0,11134315.0
2023-03-30 13:45:00,12.53,12.54,12.54,12.52,635200.0,7963097.0
2023-03-30 13:50:00,12.54,12.54,12.56,12.53,1751300.0,21969200.0
2023-03-30 13:55:00,12.55,12.62,12.62,12.55,6499100.0,81811335.0
2023-03-30 14:00:00,12.63,12.65,12.67,12.62,6685400.0,84536286.0
2023-03-30 14:05:00,12.66,12.64,12.67,12.63,3280900.0,41508924.0
2023-03-30 14:10:00,12.65,12.68,12.7,12.65,5793800.0,73488759.0
2023-03-30 14:15:00,12.69,12.67,12.69,12.65,2089000.0,26469760.0
2023-03-30 14:20:00,12.68,12.63,12.68,12.62,962700.0,12182744.0
2023-03-30 14:25:00,12.63,12.65,12.65,12.61,1317600.0,16629984.0
2023-03-30 14:30:00,12.65,12.63,12.65,12.63,576100.0,7284062.0
2023-03-30 14:35:00,12.64,12.63,12.65,12.62,734100.0,9275459.0
2023-03-30 14:40:00,12.62,12.63,12.64,12.62,611000.0,7716240.0
2023-03-30 14:45:00,12.64,12.66,12.66,12.63,939900.0,11884505.0
2023-03-30 14:50:00,12.66,12.66,12.67,12.64,1701300.0,21532259.0
2023-03-30 14:55:00,12.67,12.69,12.69,12.66,2447100.0,31011000.0
2023-03-30 15:00:00,12.68,12.68,12.69,12.67,3526000.0,44718518.0
2023-03-31 09:35:00,12.69,12.68,12.69,12.66,4229800.0,53619649.0
2023-03-31 09:40:00,12.68,12.72,12.74,12.68,4080900.0,51838263.0
2023-03-31 09:45:00,12.73,12.69,12.73,12.68,2260800.0,28721189.0
2023-03-31 09:50:00,12.68,12.67,12.68,12.66,1857000.0,23534499.0
2023-03-31 09:55:00,12.67,12.71,12.71,12.67,1447300.0,18359193.0
2023-03-31 10:00:00,12.71,12.71,12.74,12.7,4111300.0,52267428.0
2023-03-31 10:05:00,12.71,12.73,12.74,12.71,2187500.0,27848988.0
2023-03-31 10:10:00,12.74,12.75,12.77,12.73,3582400.0,45697452.0
2023-03-31 10:15:00,12.75,12.72,12.75,12.7,1800300.0,22911475.0
2023-03-31 10:20:00,12.73,12.73,12.73,12.7,1584500.0,20143811.0
2023-03-31 10:25:00,12.72,12.71,12.74,12.7,1020800.0,12982782.0
2023-03-31 10:30:00,12.7,12.7,12.71,12.69,764400.0,9711147.0
2023-03-31 10:35:00,12.69,12.7,12.71,12.68,993700.0,12614177.0
2023-03-31 10:40:00,12.69,12.69,12.7,12.69,557000.0,7071830.0
2023-03-31 10:45:00,12.7,12.67,12.7,12.67,1752600.0,22232262.0
2023-03-31 10:50:00,12.67,12.69,12.69,12.67,447100.0,5669287.0
2023-03-31 10:55:00,12.68,12.67,12.69,12.66,1194700.0,15138730.0
2023-03-31 11:00:00,12.67,12.65,12.68,12.65,1653700.0,20939686.0
2023-03-31 11:05:00,12.65,12.64,12.66,12.64,1164400.0,14726774.0
2023-03-31 11:10:00,12.64,12.64,12.65,12.63,760700.0,9613741.0
2023-03-31 11:15:00,12.64,12.62,12.64,12.61,1759100.0,22205958.0
2023-03-31 11:20:00,12.62,12.62,12.63,12.61,1223300.0,15438408.0
2023-03-31 11:25:00,12.61,12.6,12.63,12.6,1703800.0,21490642.0
2023-03-31 11:30:00,12.6,12.62,12.63,12.6,673100.0,8491754.0
2023-03-31 13:05:00,12.62,12.62,12.63,12.6,1589100.0,20046678.0
2023-03-31 13:10:00,12.62,12.58,12.62,12.58,3064700.0,38601986.0
2023-03-31 13:15:00,12.59,12.58,12.59,12.58,1838400.0,23135831.0
2023-03-31 13:20:00,12.59,12.59,12.61,12.58,1654200.0,20840057.0
2023-03-31 13:25:00,12.59,12.58,12.6,12.57,1466200.0,18446960.0
2023-03-31 13:30:00,12.58,12.56,12.58,12.55,2215700.0,27838028.0
2023-03-31 13:35:00,12.56,12.57,12.57,12.55,1042000.0,13089696.0
2023-03-31 13:40:00,12.57,12.56,12.57,12.55,1431500.0,17983434.0
2023-03-31 13:45:00,12.57,12.56,12.57,12.55,1395600.0,17530108.0
2023-03-31 13:50:00,12.55,12.54,12.56,12.53,2453800.0,30792674.0
2023-03-31 13:55:00,12.53,12.54,12.54,12.53,1261600.0,15814034.0
2023-03-31 14:00:00,12.54,12.55,12.55,12.53,1251600.0,15697694.0
2023-03-31 14:05:00,12.54,12.54,12.55,12.53,1400300.0,17560711.0
2023-03-31 14:10:00,12.54,12.55,12.55,12.54,812400.0,10192748.0
2023-03-31 14:15:00,12.55,12.54,12.55,12.54,819300.0,10279032.0
2023-03-31 14:20:00,12.55,12.54,12.55,12.53,2635800.0,33052079.0
2023-03-31 14:25:00,12.54,12.53,12.55,12.53,782600.0,9813747.0
2023-03-31 14:30:00,12.54,12.54,12.55,12.53,850400.0,10663202.0
2023-03-31 14:35:00,12.54,12.54,12.54,12.53,1080600.0,13548985.0
2023-03-31 14:40:00,12.54,12.52,12.54,12.52,3007000.0,37673280.0
2023-03-31 14:45:00,12.52,12.52,12.53,12.51,3249400.0,40677185.0
2023-03-31 14:50:00,12.52,12.53,12.53,12.51,4103600.0,51393636.0
2023-03-31 14:55:00,12.53,12.54,12.55,12.53,1575000.0,19748936.0
2023-03-31 15:00:00,12.55,12.53,12.55,12.53,2758100.0,34573591.0
2023-04-03 09:35:00,12.55,12.53,12.55,12.46,5510400.0,68956326.0
2023-04-03 09:40:00,12.52,12.52,12.57,12.51,3112100.0,39054052.0
2023-04-03 09:45:00,12.51,12.54,12.56,12.51,2413400.0,30252732.0
2023-04-03 09:50:00,12.53,12.57,12.57,12.53,2851700.0,35773178.0
2023-04-03 09:55:00,12.57,12.57,12.62,12.56,3779700.0,47594405.0
2023-04-03 10:00:00,12.58,12.58,12.63,12.57,2949200.0,37159446.0
2023-04-03 10:05:00,12.59,12.56,12.59,12.56,1072000.0,13473993.0
2023-04-03 10:10:00,12.57,12.56,12.57,12.54,1435200.0,18015386.0
2023-04-03 10:15:00,12.55,12.56,12.59,12.55,1082100.0,13596386.0
2023-04-03 10:20:00,12.56,12.59,12.59,12.56,949400.0,11934199.0
2023-04-03 10:25:00,12.59,12.57,12.59,12.57,967800.0,12174158.0
2023-04-03 10:30:00,12.58,12.59,12.6,12.57,959300.0,12075967.0
2023-04-03 10:35:00,12.59,12.65,12.65,12.59,3685800.0,46503803.0
2023-04-03 10:40:00,12.64,12.64,12.65,12.62,2156200.0,27245288.0
2023-04-03 10:45:00,12.65,12.62,12.67,12.62,2314100.0,29277884.0
2023-04-03 10:50:00,12.63,12.66,12.66,12.62,1047200.0,13240191.0
2023-04-03 10:55:00,12.67,12.65,12.69,12.65,2979700.0,37767301.0
2023-04-03 11:00:00,12.65,12.65,12.65,12.64,632700.0,8000163.0
2023-04-03 11:05:00,12.64,12.64,12.65,12.63,805900.0,10184718.0
2023-04-03 11:10:00,12.65,12.66,12.66,12.63,1480100.0,18721720.0
2023-04-03 11:15:00,12.65,12.65,12.66,12.64,727300.0,9200446.0
2023-04-03 11:20:00,12.64,12.66,12.66,12.64,881700.0,11156283.0
2023-04-03 11:25:00,12.65,12.66,12.67,12.65,860200.0,10887920.0
2023-04-03 11:30:00,12.66,12.66,12.68,12.66,2135200.0,27050944.0
2023-04-03 13:05:00,12.67,12.66,12.67,12.66,2603400.0,32978391.0
2023-04-03 13:10:00,12.66,12.66,12.69,12.66,2735900.0,34693850.0
2023-04-03 13:15:00,12.67,12.65,12.67,12.65,997000.0,12619282.0
2023-04-03 13:20:00,12.65,12.64,12.66,12.64,773400.0,9778948.0
2023-04-03 13:25:00,12.64,12.64,12.66,12.62,1929100.0,24380191.0
2023-04-03 13:30:00,12.64,12.64,12.64,12.63,629200.0,7951889.0
2023-04-03 13:35:00,12.64,12.64,12.64,12.63,397600.0,5024462.0
2023-04-03 13:40:00,12.64,12.64,12.66,12.63,1134300.0,14345522.0
2023-04-03 13:45:00,12.64,12.63,12.64,12.63,914000.0,11548001.0
2023-04-03 13:50:00,12.63,12.63,12.64,12.61,893800.0,11280767.0
2023-04-03 13:55:00,12.62,12.63,12.64,12.62,412700.0,5213849.0
2023-04-03 14:00:00,12.63,12.64,12.64,12.63,492800.0,6228341.0
2023-04-03 14:05:00,12.64,12.64,12.64,12.63,293300.0,3706358.0
2023-04-03 14:10:00,12.64,12.65,12.65,12.63,739600.0,9349167.0
2023-04-03 14:15:00,12.64,12.66,12.66,12.64,1042000.0,13185019.0
2023-04-03 14:20:00,12.66,12.67,12.67,12.66,1195100.0,15138310.0
2023-04-03 14:25:00,12.67,12.67,12.67,12.65,912100.0,11549443.0
2023-04-03 14:30:00,12.67,12.67,12.67,12.66,606200.0,7678116.0
2023-04-03 14:35:00,12.67,12.67,12.68,12.66,1521800.0,19282980.0
2023-04-03 14:40:00,12.67,12.68,12.68,12.67,637400.0,8078736.0
2023-04-03 14:45:00,12.68,12.67,12.68,12.66,1496900.0,18965920.0
2023-04-03 14:50:00,12.67,12.67,12.67,12.66,1576100.0,19960958.0
2023-04-03 14:55:00,12.66,12.66,12.67,12.65,1648000.0,20860967.0
2023-04-03 15:00:00,12.66,12.67,12.67,12.65,1672900.0,21188823.0
2023-04-04 09:35:00,12.64,12.64,12.65,12.59,4338600.0,54773019.0
2023-04-04 09:40:00,12.65,12.65,12.67,12.63,1631700.0,20640799.0
2023-04-04 09:45:00,12.65,12.7,12.72,12.64,2919400.0,37030460.0
2023-04-04 09:50:00,12.71,12.68,12.72,12.68,2385300.0,30299577.0
2023-04-04 09:55:00,12.69,12.68,12.7,12.67,1274100.0,16157877.0
2023-04-04 10:00:00,12.67,12.64,12.68,12.63,1620900.0,20510572.0
2023-04-04 10:05:00,12.63,12.61,12.63,12.61,2251100.0,28412966.0
2023-04-04 10:10:00,12.62,12.62,12.64,12.6,2218700.0,27989134.0
2023-04-04 10:15:00,12.62,12.62,12.62,12.61,1214100.0,15313438.0
2023-04-04 10:20:00,12.61,12.63,12.66,12.61,1286400.0,16257724.0
2023-04-04 10:25:00,12.63,12.61,12.64,12.61,1600500.0,20202330.0
2023-04-04 10:30:00,12.62,12.66,12.66,12.62,877600.0,11095337.0
2023-04-04 10:35:00,12.67,12.63,12.67,12.63,1047200.0,13251195.0
2023-04-04 10:40:00,12.63,12.65,12.65,12.62,1240600.0,15676152.0
2023-04-04 10:45:00,12.64,12.65,12.65,12.63,834700.0,10553511.0
2023-04-04 10:50:00,12.65,12.64,12.66,12.63,856400.0,10830222.0
2023-04-04 10:55:00,12.64,12.66,12.66,12.63,838300.0,10602267.0
2023-04-04 11:00:00,12.66,12.61,12.66,12.61,1731300.0,21866624.0
2023-04-04 11:05:00,12.62,12.64,12.64,12.61,1185500.0,14960192.0
2023-04-04 11:10:00,12.64,12.62,12.64,12.61,1012100.0,12770215.0
2023-04-04 11:15:00,12.62,12.61,12.62,12.6,2546500.0,32103660.0
2023-04-04 11:20:00,12.62,12.61,12.62,12.61,416100.0,5248477.0
2023-04-04 11:25:00,12.62,12.63,12.63,12.61,718000.0,9057176.0
2023-04-04 11:30:00,12.63,12.63,12.64,12.62,511800.0,6465148.0
2023-04-04 13:05:00,12.63,12.62,12.63,12.61,1433800.0,18096156.0
2023-04-04 13:10:00,12.62,12.61,12.63,12.6,906800.0,11436712.0
2023-04-04 13:15:00,12.6,12.61,12.62,12.6,961200.0,12116961.0
2023-04-04 13:20:00,12.61,12.62,12.62,12.6,567200.0,7152432.0
2023-04-04 13:25:00,12.61,12.6,12.62,12.6,1869300.0,23561940.0
2023-04-04 13:30:00,12.6,12.62,12.62,12.6,482600.0,6086201.0
2023-04-04 13:35:00,12.61,12.61,12.63,12.6,1075700.0,13566724.0
2023-04-04 13:40:00,12.61,12.61,12.61,12.6,704300.0,8877630.0
2023-04-04 13:45:00,12.6,12.6,12.61,12.59,1539300.0,19395716.0
2023-04-04 13:50:00,12.6,12.61,12.62,12.6,670800.0,8458477.0
2023-04-04 13:55:00,12.61,12.6,12.61,12.59,2585100.0,32572442.0
2023-04-04 14:00:00,12.6,12.61,12.61,12.59,830000.0,10458309.0
2023-04-04 14:05:00,12.61,12.6,12.61,12.59,600700.0,7569362.0
2023-04-04 14:10:00,12.6,12.62,12.62,12.6,696900.0,8785152.0
2023-04-04 14:15:00,12.6,12.61,12.61,12.6,549500.0,6927074.0
2023-04-04 14:20:00,12.6,12.61,12.62,12.6,1065700.0,13434022.0
2023-04-04 14:25:00,12.61,12.62,12.62,12.6,939100.0,11841496.0
2023-04-04 14:30:00,12.62,12.63,12.64,12.61,789400.0,9968511.0
2023-04-04 14:35:00,12.64,12.63,12.64,12.6,2207600.0,27852823.0
2023-04-04 14:40:00,12.62,12.64,12.65,12.62,989700.0,12502147.0
2023-04-04 14:45:00,12.64,12.64,12.64,12.62,726400.0,9176781.0
2023-04-04 14:50:00,12.63,12.64,12.65,12.62,2003800.0,25327639.0
2023-04-04 14:55:00,12.64,12.64,12.65,12.62,1971700.0,24909788.0
2023-04-04 15:00:00,12.65,12.65,12.66,12.64,2022300.0,25583960.0
2023-04-06 09:35:00,12.6,12.55,12.61,12.53,4041800.0,50772378.0
2023-04-06 09:40:00,12.55,12.55,12.56,12.54,2335400.0,29307063.0
2023-04-06 09:45:00,12.55,12.56,12.57,12.52,2932420.0,36768808.0
2023-04-06 09:50:00,12.57,12.58,12.58,12.54,1557600.0,19567772.0
2023-04-06 09:55:00,12.57,12.6,12.6,12.57,1510200.0,19002523.0
2023-04-06 10:00:00,12.59,12.57,12.59,12.56,791100.0,9946838.0
2023-04-06 10:05:00,12.56,12.56,12.57,12.55,1492900.0,18754801.0
2023-04-06 10:10:00,12.56,12.56,12.57,12.55,2581164.0,32407686.0
2023-04-06 10:15:00,12.55,12.55,12.56,12.54,1467252.0,18413048.0
2023-04-06 10:20:00,12.55,12.53,12.55,12.53,2229384.0,27955864.0
2023-04-06 10:25:00,12.54,12.53,12.54,12.52,2573950.0,32245699.0
2023-04-06 10:30:00,12.52,12.52,12.53,12.52,1709017.0,21405363.0
2023-04-06 10:35:00,12.53,12.53,12.54,12.52,661497.0,8289339.0
2023-04-06 10:40:00,12.53,12.54,12.54,12.53,686500.0,8606231.0
2023-04-06 10:45:00,12.54,12.56,12.56,12.53,573587.0,7195937.0
2023-04-06 10:50:00,12.55,12.54,12.56,12.54,508600.0,6380157.0
2023-04-06 10:55:00,12.55,12.53,12.55,12.53,524652.0,6577228.0
2023-04-06 11:00:00,12.54,12.54,12.55,12.53,457120.0,5730630.0
2023-04-06 11:05:00,12.53,12.53,12.54,12.53,779123.0,9766660.0
2023-04-06 11:10:00,12.53,12.54,12.55,12.53,895661.0,11231667.0
2023-04-06 11:15:00,12.54,12.55,12.55,12.53,364300.0,4568443.0
2023-04-06 11:20:00,12.55,12.54,12.55,12.53,474023.0,5944384.0
2023-04-06 11:25:00,12.54,12.54,12.55,12.53,625703.0,7844523.0
2023-04-06 11:30:00,12.53,12.55,12.56,12.53,366809.0,4601040.0
2023-04-06 13:05:00,12.56,12.52,12.56,12.52,2705280.0,33911770.0
2023-04-06 13:10:00,12.53,12.52,12.53,12.52,883100.0,11059534.0
2023-04-06 13:15:00,12.53,12.53,12.53,12.52,1014539.0,12705602.0
2023-04-06 13:20:00,12.54,12.54,12.54,12.53,404500.0,5070060.0
2023-04-06 13:25:00,12.54,12.52,12.54,12.51,2487774.0,31152044.0
2023-04-06 13:30:00,12.52,12.52,12.52,12.51,941300.0,11779059.0
2023-04-06 13:35:00,12.52,12.51,12.52,12.51,815800.0,10209063.0
2023-04-06 13:40:00,12.51,12.51,12.52,12.5,1818800.0,22753618.0
2023-04-06 13:45:00,12.51,12.5,12.51,12.5,662528.0,8285237.0
2023-04-06 13:50:00,12.51,12.51,12.52,12.5,733484.0,9176379.0
2023-04-06 13:55:00,12.51,12.52,12.52,12.51,424900.0,5318347.0
2023-04-06 14:00:00,12.52,12.52,12.52,12.51,740300.0,9265460.0
2023-04-06 14:05:00,12.51,12.53,12.53,12.51,812874.0,10178499.0
2023-04-06 14:10:00,12.53,12.54,12.54,12.52,436500.0,5468988.0
2023-04-06 14:15:00,12.54,12.55,12.55,12.52,1136474.0,14245676.0
2023-04-06 14:20:00,12.54,12.54,12.55,12.53,703574.0,8824848.0
2023-04-06 14:25:00,12.55,12.54,12.55,12.53,405775.0,5089222.0
2023-04-06 14:30:00,12.54,12.54,12.55,12.54,417300.0,5235011.0
2023-04-06 14:35:00,12.55,12.54,12.55,12.53,424375.0,5321167.0
2023-04-06 14:40:00,12.54,12.54,12.54,12.53,376800.0,4723811.0
2023-04-06 14:45:00,12.54,12.54,12.54,12.53,589600.0,7390771.0
2023-04-06 14:50:00,12.54,12.53,12.54,12.53,757997.0,9501306.0
2023-04-06 14:55:00,12.54,12.56,12.59,12.53,3594003.0,45151703.0
2023-04-06 15:00:00,12.57,12.58,12.58,12.56,904791.0,11379403.0
2023-04-07 09:35:00,12.57,12.54,12.57,12.5,4095700.0,51279929.0
2023-04-07 09:40:00,12.54,12.56,12.57,12.54,1043000.0,13091879.0
2023-04-07 09:45:00,12.55,12.61,12.62,12.54,2525469.0,31778609.0
2023-04-07 09:50:00,12.61,12.63,12.64,12.6,4566200.0,57619752.0
2023-04-07 09:55:00,12.63,12.64,12.65,12.63,2922400.0,36939561.0
2023-04-07 10:00:00,12.64,12.65,12.68,12.64,4098200.0,51870167.0
2023-04-07 10:05:00,12.65,12.64,12.65,12.62,1097800.0,13869495.0
2023-04-07 10:10:00,12.64,12.67,12.67,12.63,1703403.0,21560686.0
2023-04-07 10:15:00,12.67,12.66,12.67,12.65,1560500.0,19754913.0
2023-04-07 10:20:00,12.65,12.67,12.67,12.65,1378100.0,17448155.0
2023-04-07 10:25:00,12.67,12.67,12.67,12.66,1587300.0,20103970.0
2023-04-07 10:30:00,12.67,12.67,12.68,12.66,1241700.0,15734664.0
2023-04-07 10:35:00,12.67,12.68,12.69,12.67,2131740.0,27030816.0
2023-04-07 10:40:00,12.68,12.67,12.69,12.66,1066120.0,13514455.0
2023-04-07 10:45:00,12.66,12.67,12.67,12.65,764800.0,9684402.0
2023-04-07 10:50:00,12.66,12.66,12.67,12.65,407344.0,5155342.0
2023-04-07 10:55:00,12.66,12.65,12.66,12.65,368873.0,4667328.0
2023-04-07 11:00:00,12.65,12.65,12.66,12.64,589063.0,7450801.0
2023-04-07 11:05:00,12.65,12.64,12.65,12.64,318600.0,4028845.0
2023-04-07 11:10:00,12.64,12.64,12.65,12.63,597995.0,7559214.0
2023-04-07 11:15:00,12.64,12.63,12.65,12.63,228300.0,2885258.0
2023-04-07 11:20:00,12.63,12.64,12.64,12.63,421200.0,5322465.0
2023-04-07 11:25:00,12.64,12.65,12.65,12.63,297300.0,3758422.0
2023-04-07 11:30:00,12.64,12.63,12.65,12.63,333200.0,4212485.0
2023-04-07 13:05:00,12.64,12.63,12.65,12.62,1081400.0,13669113.0
2023-04-07 13:10:00,12.63,12.61,12.63,12.61,809000.0,10209159.0
2023-04-07 13:15:00,12.61,12.61,12.62,12.6,889900.0,11221249.0
2023-04-07 13:20:00,12.61,12.6,12.62,12.6,832900.0,10498968.0
2023-04-07 13:25:00,12.6,12.61,12.62,12.6,811858.0,10235999.0
2023-04-07 13:30:00,12.61,12.61,12.61,12.6,510300.0,6431156.0
2023-04-07 13:35:00,12.6,12.61,12.61,12.59,1209400.0,15238524.0
2023-04-07 13:40:00,12.61,12.59,12.61,12.59,967900.0,12195587.0
2023-04-07 13:45:00,12.6,12.6,12.61,12.59,714500.0,9002275.0
2023-04-07 13:50:00,12.61,12.6,12.61,12.6,710400.0,8952846.0
2023-04-07 13:55:00,12.61,12.61,12.61,12.6,500200.0,6304933.0
2023-04-07 14:00:00,12.61,12.62,12.63,12.6,799744.0,10087166.0
2023-04-07 14:05:00,12.62,12.62,12.63,12.61,633300.0,7991711.0
2023-04-07 14:10:00,12.62,12.63,12.64,12.62,663029.0,8372389.0
2023-04-07 14:15:00,12.63,12.61,12.63,12.61,968000.0,12210643.0
2023-04-07 14:20:00,12.61,12.62,12.63,12.61,825043.0,10409712.0
2023-04-07 14:25:00,12.62,12.62,12.63,12.62,1065200.0,13447200.0
2023-04-07 14:30:00,12.63,12.63,12.64,12.62,880784.0,11127125.0
2023-04-07 14:35:00,12.63,12.63,12.64,12.62,1221200.0,15419420.0
2023-04-07 14:40:00,12.63,12.63,12.63,12.61,1362300.0,17189429.0
2023-04-07 14:45:00,12.62,12.62,12.64,12.61,1541000.0,19449612.0
2023-04-07 14:50:00,12.62,12.62,12.63,12.61,1798880.0,22693373.0
2023-04-07 14:55:00,12.63,12.62,12.63,12.6,2809600.0,35429669.0
2023-04-07 15:00:00,12.62,12.62,12.62,12.61,1842381.0,23245926.0
2023-04-10 09:35:00,12.64,12.63,12.64,12.58,5083000.0,64097598.0
2023-04-10 09:40:00,12.62,12.61,12.64,12.61,2091200.0,26400275.0
2023-04-10 09:45:00,12.62,12.6,12.62,12.6,1729400.0,21809944.0
2023-04-10 09:50:00,12.61,12.62,12.63,12.6,1673060.0,21105785.0
2023-04-10 09:55:00,12.62,12.6,12.62,12.59,3385825.0,42663148.0
2023-04-10 10:00:00,12.59,12.61,12.61,12.59,1985317.0,25008899.0
2023-04-10 10:05:00,12.61,12.62,12.62,12.6,835266.0,10535748.0
2023-04-10 10:10:00,12.62,12.61,12.62,12.61,571716.0,7210794.0
2023-04-10 10:15:00,12.61,12.62,12.62,12.6,1078800.0,13605165.0
2023-04-10 10:20:00,12.62,12.67,12.68,12.61,2348745.0,29719158.0
2023-04-10 10:25:00,12.68,12.66,12.7,12.65,3134867.0,39749915.0
2023-04-10 10:30:00,12.67,12.64,12.67,12.63,1645840.0,20815804.0
2023-04-10 10:35:00,12.64,12.66,12.66,12.63,901700.0,11406761.0
2023-04-10 10:40:00,12.65,12.66,12.67,12.65,1720232.0,21777426.0
2023-04-10 10:45:00,12.66,12.67,12.68,12.66,1519200.0,19246849.0
2023-04-10 10:50:00,12.67,12.67,12.69,12.66,1511587.0,19157277.0
2023-04-10 10:55:00,12.66,12.66,12.68,12.65,1067300.0,13518331.0
2023-04-10 11:00:00,12.66,12.66,12.67,12.65,1165700.0,14759859.0
2023-04-10 11:05:00,12.66,12.65,12.66,12.64,1202500.0,15216928.0
2023-04-10 11:10:00,12.65,12.68,12.68,12.64,1292920.0,16372298.0
2023-04-10 11:15:00,12.68,12.68,12.68,12.67,659400.0,8359470.0
2023-04-10 11:20:00,12.68,12.67,12.68,12.67,479000.0,6072247.0
2023-04-10 11:25:00,12.68,12.67,12.68,12.66,612800.0,7764130.0
2023-04-10 11:30:00,12.66,12.67,12.67,12.66,551999.0,6992081.0
2023-04-10 13:05:00,12.67,12.65,12.68,12.65,1325801.0,16792203.0
2023-04-10 13:10:00,12.66,12.66,12.66,12.65,1055100.0,13354884.0
2023-04-10 13:15:00,12.66,12.67,12.67,12.65,717600.0,9085048.0
2023-04-10 13:20:00,12.67,12.68,12.69,12.66,1753993.0,22237649.0
2023-04-10 13:25:00,12.68,12.68,12.68,12.67,1141823.0,14476511.0
2023-04-10 13:30:00,12.68,12.69,12.69,12.67,1576979.0,19999396.0
2023-04-10 13:35:00,12.69,12.69,12.7,12.68,1588871.0,20161579.0
2023-04-10 13:40:00,12.68,12.69,12.7,12.68,1307100.0,16592694.0
2023-04-10 13:45:00,12.69,12.67,12.69,12.67,1340621.0,16999092.0
2023-04-10 13:50:00,12.67,12.68,12.69,12.67,749400.0,9501242.0
2023-04-10 13:55:00,12.68,12.68,12.69,12.68,468779.0,5946134.0
2023-04-10 14:00:00,12.69,12.68,12.69,12.67,987400.0,12523489.0
2023-04-10 14:05:00,12.67,12.68,12.68,12.67,598900.0,7594002.0
2023-04-10 14:10:00,12.67,12.68,12.68,12.67,512500.0,6496499.0
2023-04-10 14:15:00,12.67,12.68,12.68,12.67,492700.0,6246380.0
2023-04-10 14:20:00,12.68,12.67,12.68,12.66,1012200.0,12826736.0
2023-04-10 14:25:00,12.67,12.66,12.67,12.65,1334800.0,16898969.0
2023-04-10 14:30:00,12.66,12.66,12.66,12.65,1419800.0,17964700.0
2023-04-10 14:35:00,12.66,12.67,12.67,12.65,955720.0,12099949.0
2023-04-10 14:40:00,12.67,12.67,12.67,12.66,553200.0,7007545.0
2023-04-10 14:45:00,12.67,12.67,12.67,12.66,688600.0,8721157.0
2023-04-10 14:50:00,12.67,12.66,12.67,12.65,1878900.0,23788640.0
2023-04-10 14:55:00,12.66,12.67,12.67,12.66,941820.0,11926950.0
2023-04-10 15:00:00,12.67,12.68,12.68,12.65,1368200.0,17335810.0
